x,y,z,r,g,b
93,61,0.14276814,68,64,81
94,61,0.16899486,62,56,78
95,61,0.17523299,89,85,106
96,61,0.15040478,73,73,92
92,62,0.17060612,65,60,79
93,62,0.2219139,31,24,51
94,62,0.23957941,51,43,74
95,62,0.24109063,56,50,82
96,62,0.2234058,33,34,69
97,62,0.17140424,85,88,113
90,63,0.17826128,84,82,87
91,63,0.2184976,56,55,73
92,63,0.2518048,33,33,68
93,63,0.2759179,56,56,101
94,63,0.28503165,58,59,114
95,63,0.27948645,44,47,106
96,63,0.2627348,41,44,104
97,63,0.23415844,47,51,107
98,63,0.1761496,80,83,117
89,64,0.20222263,81,79,77
90,64,0.26714873,48,52,62
91,64,0.2928409,36,42,74
92,64,0.30746529,43,57,110
93,64,0.3186979,38,54,133
94,64,0.32343778,28,47,146
95,64,0.31441033,31,50,156
96,64,0.29301882,36,49,154
97,64,0.26909703,24,36,132
98,64,0.24160412,37,48,125
99,64,0.186626,82,88,128
88,65,0.20729509,82,77,79
89,65,0.28213978,71,69,79
90,65,0.31682408,31,37,62
91,65,0.33570993,31,42,88
92,65,0.3484585,38,55,126
93,65,0.35487524,29,52,147
94,65,0.3556279,19,48,163
95,65,0.34439406,25,52,176
96,65,0.3205399,22,44,168
97,65,0.29648468,21,40,154
98,65,0.2793156,26,41,133
99,65,0.255652,65,78,141
100,65,0.180591,79,83,105
87,66,0.20871656,86,81,86
88,66,0.28360006,48,43,65
89,66,0.3244123,40,40,74
90,66,0.34973085,36,41,88
91,66,0.36825344,38,49,114
92,66,0.38060224,34,52,133
93,66,0.3857059,23,47,142
94,66,0.3847891,19,47,151
95,66,0.3723526,23,51,164
96,66,0.3482586,18,42,160
97,66,0.32401186,22,43,153
98,66,0.30459002,21,38,130
99,66,0.28482443,23,38,111
100,66,0.22849365,67,73,117
86,67,0.20598216,79,77,81
87,67,0.28332353,39,38,57
88,67,0.32572445,38,38,80
89,67,0.35451746,43,45,104
90,67,0.3773791,44,52,125
91,67,0.3943611,38,50,133
92,67,0.40664607,26,47,137
93,67,0.41355792,21,44,140
94,67,0.4125826,22,49,146
95,67,0.39910585,23,51,150
96,67,0.37448442,18,44,153
97,67,0.34731495,16,41,148
98,67,0.3230606,18,41,135
99,67,0.3014227,12,29,110
100,67,0.268066,28,41,102
101,67,0.19870028,78,83,114
85,68,0.19929656,77,79,77
86,68,0.2768754,34,40,54
87,68,0.32376,36,41,77
88,68,0.35575205,37,43,104
89,68,0.38069972,38,47,129
90,68,0.40016198,36,45,142
91,68,0.4158717,24,39,143
92,68,0.42895234,23,41,144
93,68,0.43856102,28,50,145
94,68,0.43798953,29,54,142
95,68,0.42229217,22,50,140
96,68,0.39467347,23,51,149
97,68,0.36284626,10,39,140
98,68,0.3353777,23,47,142
99,68,0.31534696,28,48,136
100,68,0.29518315,16,31,104
101,68,0.26171342,47,57,112
102,68,0.1804788,66,68,91
84,69,0.19551876,71,73,76
85,69,0.26773384,26,37,49
86,69,0.314828,32,40,74
87,69,0.3527494,43,57,111
88,69,0.38198784,34,47,130
89,69,0.40365696,33,45,147
90,69,0.42047334,25,41,154
91,69,0.43489033,19,39,153
92,69,0.44791353,24,44,151
93,69,0.45793295,32,54,148
94,69,0.45620772,26,52,135
95,69,0.43774658,12,42,125
96,69,0.40715006,25,55,145
97,69,0.37254813,8,41,139
98,69,0.34432408,22,49,146
99,69,0.3260157,37,58,149
100,69,0.30893493,18,34,121
101,69,0.28821453,15,25,102
102,69,0.23050322,65,68,121
83,70,0.20493557,77,77,83
84,70,0.2705102,24,28,48
85,70,0.3091443,22,31,66
86,70,0.3442777,44,60,113
87,70,0.37712824,28,45,121
88,70,0.40420252,32,50,146
89,70,0.42438245,28,49,157
90,70,0.43935373,26,47,164
91,70,0.45180255,22,45,162
92,70,0.46281105,25,47,155
93,70,0.46967736,25,49,147
94,70,0.46466777,22,45,133
95,70,0.44453815,13,40,122
96,70,0.41376188,19,52,140
97,70,0.38079563,15,47,140
98,70,0.35306183,15,43,143
99,70,0.3340658,19,43,144
100,70,0.31852227,17,37,137
101,70,0.3035296,11,23,115
102,70,0.27276808,38,44,120
103,70,0.20107366,64,66,105
82,71,0.2175414,79,76,85
83,71,0.28707847,18,19,45
84,71,0.31788504,25,31,74
85,71,0.34371123,44,57,113
86,71,0.37267545,34,51,128
87,71,0.40022266,22,44,139
88,71,0.4238343,17,42,149
89,71,0.44170195,17,43,157
90,71,0.45480606,18,43,161
91,71,0.46478283,18,44,159
92,71,0.47251308,17,42,149
93,71,0.47528625,18,42,141
94,71,0.46724054,23,45,137
95,71,0.44667095,25,51,137
96,71,0.41897595,15,50,133
97,71,0.39094123,22,58,143
98,71,0.36498928,1,36,137
99,71,0.34596473,0,21,131
100,71,0.33117327,12,33,142
101,71,0.31910622,18,33,139
102,71,0.30325407,21,32,120
103,71,0.2686841,40,49,111
104,71,0.18465395,60,63,82
81,72,0.22210635,70,65,72
82,72,0.30165792,25,23,50
83,72,0.33692953,39,41,86
84,72,0.35655808,37,45,111
85,72,0.37754056,29,44,129
86,72,0.40152314,28,49,149
87,72,0.4240296,13,41,149
88,72,0.44251218,16,45,156
89,72,0.456612,16,47,157
90,72,0.4666388,16,48,154
91,72,0.4735084,16,47,150
92,72,0.47784916,17,43,145
93,72,0.47765183,19,43,144
94,72,0.46828264,24,45,145
95,72,0.4489013,26,51,143
96,72,0.42434353,0,36,124
97,72,0.39947706,0,38,125
98,72,0.37667894,8,40,141
99,72,0.36018467,21,48,154
100,72,0.34728715,25,47,160
101,72,0.3353977,19,37,148
102,72,0.3214818,17,31,130
103,72,0.2976133,22,34,112
104,72,0.23439096,45,55,98
80,73,0.2253352,62,64,67
81,73,0.30722937,39,38,58
82,73,0.3507547,32,36,74
83,73,0.3756179,47,52,117
84,73,0.3929288,38,48,135
85,73,0.40985298,25,43,147
86,73,0.4289009,23,47,161
87,73,0.44555157,13,42,159
88,73,0.4580381,13,44,157
89,73,0.46711153,10,43,150
90,73,0.4732251,11,44,146
91,73,0.47773618,16,48,146
92,73,0.4810446,22,50,149
93,73,0.48011005,21,47,147
94,73,0.47093746,13,34,141
95,73,0.45342258,0,26,130
96,73,0.4313733,8,39,129
97,73,0.41100028,3,39,128
98,73,0.3933588,11,42,143
99,73,0.37916097,22,48,156
100,73,0.36448696,23,47,161
101,73,0.34825227,16,38,151
102,73,0.33243063,13,32,137
103,73,0.31190884,17,33,120
104,73,0.27303177,31,45,108
105,73,0.18498701,56,66,91
79,74,0.22938138,59,64,73
80,74,0.31426948,18,26,47
81,74,0.35786283,33,41,76
82,74,0.3850331,44,51,108
83,74,0.40473,38,49,128
84,74,0.41982532,24,39,143
85,74,0.4348112,19,38,155
86,74,0.450003,21,45,165
87,74,0.46175024,19,47,166
88,74,0.46835893,13,44,155
89,74,0.472306,12,47,148
90,74,0.4755233,13,48,143
91,74,0.47988802,16,49,140
92,74,0.48505834,16,44,142
93,74,0.4859296,12,39,141
94,74,0.47751305,6,28,140
95,74,0.46255344,0,24,134
96,74,0.4448954,13,43,135
97,74,0.43038836,13,43,133
98,74,0.41796595,17,45,146
99,74,0.40382355,23,50,156
100,74,0.3827677,21,47,161
101,74,0.35900855,15,39,154
102,74,0.33988753,10,33,141
103,74,0.32079852,13,33,129
104,74,0.29245988,18,37,110
105,74,0.22685534,24,41,93
78,75,0.23205248,52,55,76
79,75,0.31737295,15,22,54
80,75,0.36234364,38,50,91
81,75,0.3898022,48,63,119
82,75,0.40879083,40,54,129
83,75,0.42295852,22,39,132
84,75,0.43678978,18,39,149
85,75,0.4505342,19,42,161
86,75,0.46297994,17,42,162
87,75,0.47133344,15,43,161
88,75,0.47443023,13,45,152
89,75,0.4758614,18,51,149
90,75,0.4790938,18,52,144
91,75,0.48615026,10,43,134
92,75,0.49576265,0,31,130
93,75,0.4985261,0,28,131
94,75,0.48929474,11,37,146
95,75,0.4769643,23,48,153
96,75,0.46545827,19,47,141
97,75,0.45681772,21,48,140
98,75,0.44752055,22,50,149
99,75,0.431118,23,50,154
100,75,0.40434515,21,47,155
101,75,0.37331983,15,41,153
102,75,0.34752867,10,36,145
103,75,0.3259571,10,34,136
104,75,0.30166602,19,40,128
105,75,0.26392734,12,28,101
106,75,0.19351988,52,59,106
76,76,0.21898074,83,84,98
77,76,0.27583274,54,56,84
78,76,0.32659653,29,31,68
79,76,0.36464745,38,43,90
80,76,0.38912666,29,48,117
81,76,0.4076199,26,50,134
82,76,0.42016277,22,44,139
83,76,0.43166378,21,44,145
84,76,0.44516152,29,54,161
85,76,0.45833892,24,50,161
86,76,0.4697529,12,39,153
87,76,0.4773365,11,38,150
88,76,0.4801014,13,44,149
89,76,0.48287255,12,43,144
90,76,0.48931655,8,41,140
91,76,0.50040853,3,34,133
92,76,0.51312506,0,32,133
93,76,0.5181924,7,37,137
94,76,0.5098383,19,47,149
95,76,0.49912277,31,56,155
96,76,0.4907824,24,48,146
97,76,0.48515227,26,50,148
98,76,0.4767253,24,50,149
99,76,0.45857412,22,50,149
100,76,0.42855707,19,47,151
101,76,0.3917266,16,43,150
102,76,0.35820112,12,40,148
103,76,0.33330125,8,36,140
104,76,0.31351382,13,36,136
105,76,0.29268387,21,39,127
106,76,0.259367,32,44,115
107,76,0.18048061,50,55,88
75,77,0.24256435,91,94,104
76,77,0.32141197,39,41,71
77,77,0.35906672,21,24,67
78,77,0.3813391,57,59,104
79,77,0.39680523,37,45,110
80,77,0.41054657,22,44,139
81,77,0.4199828,10,40,148
82,77,0.42642784,16,43,150
83,77,0.4350034,22,49,153
84,77,0.44698247,19,47,151
85,77,0.45994863,15,42,146
86,77,0.47262663,16,43,149
87,77,0.4826539,21,48,150
88,77,0.4898656,13,39,146
89,77,0.4982513,0,31,136
90,77,0.50927687,0,24,131
91,77,0.5227766,1,32,137
92,77,0.5378488,18,47,147
93,77,0.54628575,28,56,153
94,77,0.53882587,23,51,148
95,77,0.52661586,15,43,141
96,77,0.5175854,24,45,147
97,77,0.5114308,28,49,149
98,77,0.5017365,26,50,148
99,77,0.4823189,21,47,147
100,77,0.45205957,18,47,146
101,77,0.41447288,16,47,149
102,77,0.37704843,13,44,149
103,77,0.349088,11,39,147
104,77,0.33143815,0,22,132
105,77,0.31408206,23,41,143
106,77,0.29192138,19,32,121
107,77,0.23456927,42,49,111
74,78,0.2441073,90,93,98
75,78,0.32914737,24,28,49
76,78,0.37003124,45,47,82
77,78,0.3975832,55,57,102
78,78,0.41516235,26,28,85
79,78,0.4237259,39,49,126
80,78,0.43010676,31,56,168
81,78,0.43172443,8,43,170
82,78,0.43303874,18,50,165
83,78,0.43923283,18,50,155
84,78,0.45056337,0,36,135
85,78,0.4641878,11,41,133
86,78,0.47934428,25,52,146
87,78,0.493253,18,45,143
88,78,0.505328,10,33,140
89,78,0.51836693,3,31,141
90,78,0.5336454,6,32,144
91,78,0.550618,13,40,149
92,78,0.5686698,24,51,155
93,78,0.5786729,25,57,153
94,78,0.5713257,19,52,142
95,78,0.5580215,13,43,135
96,78,0.54546726,21,42,144
97,78,0.5344721,29,47,149
98,78,0.5218218,25,49,147
99,78,0.50295323,18,45,140
100,78,0.4757664,17,47,140
101,78,0.44104275,18,50,148
102,78,0.40283948,17,48,151
103,78,0.3705927,12,42,150
104,78,0.34978744,0,23,140
105,78,0.33319587,13,34,145
106,78,0.31615886,17,31,130
107,78,0.2847032,33,43,121
108,78,0.19753474,57,60,89
73,79,0.24201772,76,80,82
74,79,0.3290506,38,45,63
75,79,0.37305546,45,52,83
76,79,0.40101662,37,45,91
77,79,0.42386004,34,43,105
78,79,0.4396882,42,54,123
79,79,0.4461564,22,39,131
80,79,0.44811344,22,49,168
81,79,0.4456638,0,38,167
82,79,0.44373205,21,52,169
83,79,0.44792038,24,56,161
84,79,0.45829478,7,40,140
85,79,0.47321457,23,52,143
86,79,0.492107,28,55,146
87,79,0.51057816,0,19,120
88,79,0.52587014,1,31,136
89,79,0.5419175,16,41,150
90,79,0.5617015,28,51,163
91,79,0.5818329,25,51,162
92,79,0.60004944,15,44,151
93,79,0.60837555,11,42,143
94,79,0.60015446,17,51,141
95,79,0.58584255,26,59,148
96,79,0.5700217,19,41,143
97,79,0.55505776,24,45,148
98,79,0.54044443,24,48,146
99,79,0.5225201,17,44,140
100,79,0.4984242,16,45,140
101,79,0.46705693,19,51,147
102,79,0.429557,19,50,151
103,79,0.39322162,17,44,151
104,79,0.36787257,13,38,151
105,79,0.35308188,3,25,139
106,79,0.33972037,19,33,134
107,79,0.31774995,31,42,124
108,79,0.23977391,47,54,98
72,80,0.24385704,85,87,90
73,80,0.3311414,57,63,76
74,80,0.37612078,16,29,63
75,80,0.40381134,32,48,99
76,80,0.42805427,45,66,131
77,80,0.4461513,26,52,133
78,80,0.4603844,15,42,135
79,80,0.46758467,19,50,151
80,80,0.4677953,23,52,162
81,80,0.46292502,8,38,154
82,80,0.458637,10,40,151
83,80,0.46126142,25,55,161
84,80,0.47095448,26,54,157
85,80,0.48618245,6,34,140
86,80,0.5059527,0,23,130
87,80,0.5270046,0,29,135
88,80,0.5473806,25,52,156
89,80,0.56866413,24,51,157
90,80,0.59105045,24,50,159
91,80,0.61153156,21,50,157
92,80,0.62712,19,49,155
93,80,0.63121873,18,50,153
94,80,0.621184,17,50,150
95,80,0.60612357,18,49,149
96,80,0.58994406,21,47,149
97,80,0.5739399,23,45,148
98,80,0.55800134,21,47,148
99,80,0.5400059,19,45,146
100,80,0.51758885,19,45,146
101,80,0.48880285,18,44,146
102,80,0.4530426,18,44,148
103,80,0.41628963,21,43,149
104,80,0.38833115,19,40,148
105,80,0.3714078,11,29,135
106,80,0.35697943,17,32,126
107,80,0.33455473,19,32,112
108,80,0.26652676,34,42,99
71,81,0.24422866,89,87,92
72,81,0.33140343,49,51,68
73,81,0.37626767,36,42,73
74,81,0.40596312,26,42,90
75,81,0.42879114,33,51,116
76,81,0.44857985,29,55,137
77,81,0.46486342,15,47,145
78,81,0.47938395,11,44,151
79,81,0.48876244,18,51,161
80,81,0.4889863,13,43,151
81,81,0.4831678,18,45,152
82,81,0.47759482,21,48,154
83,81,0.47842208,17,44,151
84,81,0.48662144,7,36,144
85,81,0.5000797,1,32,141
86,81,0.51934123,12,40,148
87,81,0.54404217,24,51,157
88,81,0.57070094,24,54,160
89,81,0.59635574,23,52,159
90,81,0.619193,23,52,159
91,81,0.63794875,22,51,157
92,81,0.6503221,19,51,156
93,81,0.6503533,19,51,156
94,81,0.6389041,18,50,155
95,81,0.62362534,19,50,153
96,81,0.60748726,19,47,151
97,81,0.59084004,21,47,149
98,81,0.57366604,21,47,148
99,81,0.5552629,19,45,147
100,81,0.5337253,19,45,147
101,81,0.50734055,19,45,147
102,81,0.47439277,21,43,148
103,81,0.43819818,21,43,148
104,81,0.4071723,25,43,147
105,81,0.38559905,15,31,133
106,81,0.36990017,16,32,123
107,81,0.3511772,19,32,111
108,81,0.311629,32,41,106
109,81,0.21250403,49,55,83
70,82,0.24267285,82,80,86
71,82,0.33154148,39,41,60
72,82,0.37843058,23,28,63
73,82,0.40740973,39,48,91
74,82,0.4320607,47,62,123
75,82,0.45067888,37,55,133
76,82,0.46677953,22,47,140
77,82,0.4825952,18,45,150
78,82,0.49756438,15,45,161
79,82,0.50858974,11,42,157
80,82,0.51055354,16,45,153
81,82,0.505358,24,51,157
82,82,0.49970108,18,45,152
83,82,0.49892887,0,29,140
84,82,0.5034942,0,26,137
85,82,0.5154666,11,41,149
86,82,0.53769684,26,56,161
87,82,0.56714016,32,60,165
88,82,0.596893,25,55,161
89,82,0.6232011,25,55,161
90,82,0.6443638,24,54,160
91,82,0.6605431,23,52,159
92,82,0.67003554,21,52,157
93,82,0.6674425,21,52,157
94,82,0.65514445,19,51,156
95,82,0.63956606,21,51,154
96,82,0.6228459,19,47,151
97,82,0.60537124,21,47,149
98,82,0.5871326,21,47,148
99,82,0.5682797,21,47,148
100,82,0.54742724,19,45,146
101,82,0.5224156,19,45,147
102,82,0.4914461,22,44,149
103,82,0.45618173,21,43,148
104,82,0.42319387,29,47,149
105,82,0.39787978,16,32,134
106,82,0.3816826,15,29,124
107,82,0.36591667,21,33,112
108,82,0.33869475,25,39,103
109,82,0.25216022,48,54,92
69,83,0.24441698,80,83,89
70,83,0.33140483,34,38,62
71,83,0.37878755,26,33,70
72,83,0.40895063,43,51,101
73,83,0.43325022,45,60,122
74,83,0.45375732,41,58,134
75,83,0.46955904,26,47,139
76,83,0.4847334,22,44,149
77,83,0.50080466,26,50,162
78,83,0.5152289,23,48,167
79,83,0.5262531,8,38,155
80,83,0.5294059,25,51,162
81,83,0.52505463,17,44,151
82,83,0.51906973,1,32,141
83,83,0.51546544,0,28,139
84,83,0.5181282,11,41,149
85,83,0.5323281,29,58,163
86,83,0.5585193,32,60,165
87,83,0.5906142,23,52,159
88,83,0.62139404,28,57,162
89,83,0.6465213,26,56,161
90,83,0.66559076,26,56,161
91,83,0.6797746,24,54,160
92,83,0.68741775,22,54,159
93,83,0.6828361,21,52,157
94,83,0.66947854,21,52,157
95,83,0.6533286,21,51,154
96,83,0.63587004,22,47,152
97,83,0.6176835,22,48,150
98,83,0.5988703,21,47,148
99,83,0.57901365,21,47,148
100,83,0.5577492,21,47,147
101,83,0.533618,19,45,146
102,83,0.5046401,22,44,147
103,83,0.47093248,22,44,149
104,83,0.43713072,29,50,151
105,83,0.40876558,15,34,135
106,83,0.39040235,15,29,124
107,83,0.3740691,22,36,116
108,83,0.34690225,24,37,103
109,83,0.26017466,41,50,95
68,84,0.24449421,76,81,86
69,84,0.3344514,15,24,48
70,84,0.37905818,41,50,90
71,84,0.41017184,49,63,116
72,84,0.4334851,42,57,127
73,84,0.4528205,32,47,131
74,84,0.4712978,21,40,135
75,84,0.48727196,19,40,146
76,84,0.5019479,23,44,157
77,84,0.516815,28,47,166
78,84,0.5291689,25,48,171
79,84,0.53807765,24,47,167
80,84,0.54214835,16,42,154
81,84,0.53936636,0,33,142
82,84,0.53251696,0,32,141
83,84,0.5289935,17,47,153
84,84,0.53444624,33,62,166
85,84,0.5505364,36,64,168
86,84,0.57711387,29,58,163
87,84,0.6099072,24,54,160
88,84,0.64059997,29,58,163
89,84,0.6649775,28,57,162
90,84,0.68317515,26,56,161
91,84,0.6967605,25,55,161
92,84,0.70321786,24,54,160
93,84,0.69667935,22,51,157
94,84,0.68190175,21,50,156
95,84,0.6650715,21,51,154
96,84,0.647159,22,47,152
97,84,0.62790793,24,47,150
98,84,0.6080763,22,48,149
99,84,0.58763695,21,47,147
100,84,0.56646025,21,47,147
101,84,0.5434358,21,47,147
102,84,0.5164561,19,45,147
103,84,0.48364875,22,44,147
104,84,0.44781154,26,48,149
105,84,0.41598588,17,37,137
106,84,0.39506385,15,29,125
107,84,0.37824994,22,36,117
108,84,0.35301906,25,38,106
109,84,0.27933273,34,44,99
67,85,0.24105741,70,74,79
68,85,0.33277595,22,32,55
69,85,0.38053173,48,60,101
70,85,0.40972698,33,48,107
71,85,0.43510976,42,59,133
72,85,0.45358628,31,50,140
73,85,0.47040138,23,44,146
74,85,0.4881038,23,44,153
75,85,0.504431,31,50,165
76,85,0.5175486,26,45,165
77,85,0.52934396,17,37,160
78,85,0.5381226,19,37,161
79,85,0.54457617,28,47,166
80,85,0.54888266,0,25,141
81,85,0.54744506,0,34,142
82,85,0.5450174,21,50,156
83,85,0.5485855,38,68,171
84,85,0.55708396,41,69,173
85,85,0.57087433,31,59,164
86,85,0.5941976,29,58,163
87,85,0.62527215,38,66,170
88,85,0.6550992,29,58,163
89,85,0.67982274,28,57,162
90,85,0.6986674,26,56,161
91,85,0.7123289,25,55,161
92,85,0.71783304,23,52,159
93,85,0.709326,22,51,157
94,85,0.6932162,21,50,156
95,85,0.67504287,22,49,153
96,85,0.6559941,23,48,153
97,85,0.63618785,24,47,149
98,85,0.6162059,22,48,149
99,85,0.5960263,22,48,148
100,85,0.57551104,21,47,147
101,85,0.5530885,21,47,147
102,85,0.5268618,21,47,148
103,85,0.4946617,21,47,148
104,85,0.45782194,23,45,148
105,85,0.42369947,19,41,141
106,85,0.40019023,15,32,126
107,85,0.3838189,18,36,119
108,85,0.36413664,25,39,108
109,85,0.32087708,28,42,98
110,85,0.21623059,39,47,71
66,86,0.23659407,62,64,68
67,86,0.32970834,22,28,52
68,86,0.3787036,48,56,99
69,86,0.40937898,39,54,115
70,86,0.43580416,41,59,137
71,86,0.45736572,10,33,128
72,86,0.47251236,26,51,156
73,86,0.48839894,24,50,163
74,86,0.5056769,26,51,168
75,86,0.5200702,31,55,173
76,86,0.52926534,29,48,167
77,86,0.53642195,18,37,156
78,86,0.5419713,16,32,150
79,86,0.54699165,15,34,150
80,86,0.5516597,1,34,145
81,86,0.5567506,18,52,156
82,86,0.56591976,37,67,170
83,86,0.57674533,39,71,173
84,86,0.5864374,37,67,170
85,86,0.5974286,34,65,168
86,86,0.61520773,36,66,169
87,86,0.64144564,37,67,170
88,86,0.66942286,28,59,163
89,86,0.69457483,26,58,162
90,86,0.71396554,26,56,161
91,86,0.727243,24,54,160
92,86,0.73094434,23,52,159
93,86,0.72029203,21,50,156
94,86,0.70276225,19,49,155
95,86,0.68365365,21,48,152
96,86,0.6641209,23,48,153
97,86,0.64448124,25,48,149
98,86,0.6249256,22,48,149
99,86,0.6047165,22,48,148
100,86,0.58385676,22,49,146
101,86,0.56144714,21,48,145
102,86,0.53592885,21,47,147
103,86,0.50514674,21,47,147
104,86,0.469356,22,44,147
105,86,0.43463537,24,45,145
106,86,0.4084263,17,34,128
107,86,0.39186624,15,31,116
108,86,0.37519112,24,38,109
109,86,0.34535724,25,39,100
110,86,0.2551425,38,47,80
65,87,0.23568423,65,65,79
66,87,0.3246713,37,39,65
67,87,0.37574065,48,55,97
68,87,0.40705493,40,52,115
69,87,0.43215576,25,44,124
70,87,0.45571798,13,38,134
71,87,0.47512165,34,60,165
72,87,0.4897896,21,49,165
73,87,0.505094,15,44,166
74,87,0.52048934,10,38,163
75,87,0.53134847,11,39,160
76,87,0.5360078,23,47,163
77,87,0.5396537,29,50,160
78,87,0.54356015,21,38,149
79,87,0.55059683,1,24,135
80,87,0.5600139,28,57,162
81,87,0.57614386,39,71,173
82,87,0.5953833,40,72,174
83,87,0.6107121,28,62,164
84,87,0.62145585,31,64,166
85,87,0.6306435,44,77,178
86,87,0.6429439,41,71,174
87,87,0.66367906,22,54,159
88,87,0.6887966,26,58,162
89,87,0.7122486,26,58,162
90,87,0.7304946,25,55,161
91,87,0.74172795,24,54,160
92,87,0.7417851,22,51,157
93,87,0.72904795,19,49,155
94,87,0.71122426,18,48,154
95,87,0.6923197,19,47,151
96,87,0.672845,23,49,151
97,87,0.65305614,25,48,149
98,87,0.63308007,23,49,149
99,87,0.6123965,22,49,146
100,87,0.59112126,22,49,146
101,87,0.5689051,21,48,145
102,87,0.54455596,21,47,147
103,87,0.5161581,21,47,147
104,87,0.4824979,21,43,146
105,87,0.44727898,26,48,149
106,87,0.41793373,16,36,131
107,87,0.3981388,11,29,116
108,87,0.37983438,22,37,109
109,87,0.3506423,22,38,101
110,87,0.26074827,36,48,87
63,88,0.21947798,93,93,91
64,88,0.2731923,51,50,71
65,88,0.32640368,43,47,87
66,88,0.3720979,40,45,94
67,88,0.404927,40,51,116
68,88,0.43062463,38,54,135
69,88,0.45121264,26,49,144
70,88,0.47084123,19,45,154
71,88,0.4894391,18,48,164
72,88,0.5061838,21,51,174
73,88,0.5198012,11,42,168
74,88,0.5310552,18,47,171
75,88,0.5386541,31,58,173
76,88,0.5411166,19,44,153
77,88,0.5435151,0,21,129
78,88,0.5478505,12,32,133
79,88,0.5595676,42,65,160
80,88,0.5784745,36,67,165
81,88,0.6031573,31,68,169
82,88,0.62782294,32,69,170
83,88,0.6463455,33,70,171
84,88,0.6572435,32,69,170
85,88,0.6641933,31,68,169
86,88,0.67357105,32,65,167
87,88,0.69086576,31,64,166
88,88,0.712921,33,64,167
89,88,0.7327958,31,62,165
90,88,0.7479296,29,58,163
91,88,0.75614077,26,56,161
92,88,0.7517157,25,55,161
93,88,0.7367926,23,52,159
94,88,0.71937543,22,49,155
95,88,0.701014,18,45,150
96,88,0.6809293,23,49,151
97,88,0.6604819,25,48,149
98,88,0.64009494,24,48,148
99,88,0.6192367,24,48,146
100,88,0.59791493,22,49,146
101,88,0.57602483,21,48,142
102,88,0.55284655,21,48,145
103,88,0.5270418,21,47,147
104,88,0.49527702,29,51,152
105,88,0.45774567,19,41,143
106,88,0.42393327,23,42,137
107,88,0.39929172,15,33,120
108,88,0.378956,15,33,107
109,88,0.3503111,21,38,102
110,88,0.26123998,33,47,92
62,89,0.24085066,93,92,89
63,89,0.32237223,79,79,90
64,89,0.35348207,44,47,92
65,89,0.37675187,38,43,107
66,89,0.40376058,36,45,119
67,89,0.4299683,41,54,136
68,89,0.45157933,37,55,149
69,89,0.46904835,24,49,156
70,89,0.48638314,18,47,163
71,89,0.5047347,19,48,172
72,89,0.5217311,0,31,161
73,89,0.531653,22,52,177
74,89,0.53811413,26,57,177
75,89,0.5433188,6,38,153
76,89,0.54556644,0,25,134
77,89,0.5480264,13,41,140
78,89,0.55784816,37,60,148
79,89,0.57767326,41,67,156
80,89,0.60459447,36,68,166
81,89,0.63328636,31,69,170
82,89,0.65856296,32,70,171
83,89,0.677424,33,70,171
84,89,0.6889903,33,70,171
85,89,0.6963096,31,68,169
86,89,0.7053439,32,65,167
87,89,0.7198547,31,64,166
88,89,0.7374123,32,63,166
89,89,0.7529748,29,60,164
90,89,0.76469773,26,56,161
91,89,0.76921713,25,55,161
92,89,0.76095587,25,55,161
93,89,0.7441886,23,52,159
94,89,0.7261532,22,49,155
95,89,0.7077363,21,45,151
96,89,0.68741703,26,49,152
97,89,0.66660184,25,49,149
98,89,0.64600414,25,49,147
99,89,0.6251239,25,49,144
100,89,0.6037974,22,49,143
101,89,0.5820641,22,49,143
102,89,0.5593576,22,49,146
103,89,0.5343051,21,48,145
104,89,0.5034665,28,51,150
105,89,0.46522063,18,42,143
106,89,0.42820582,22,44,140
107,89,0.3990469,13,34,124
108,89,0.3768293,15,34,111
109,89,0.3491473,19,39,107
110,89,0.26148164,33,49,103
61,90,0.24029118,94,94,102
62,90,0.3258272,62,66,76
63,90,0.36848906,28,33,65
64,90,0.39149442,38,47,111
65,90,0.41090763,34,47,131
66,90,0.43065175,37,50,142
67,90,0.45109355,37,55,151
68,90,0.46947283,33,52,161
69,90,0.48592755,23,47,161
70,90,0.50229585,17,44,164
71,90,0.5185573,17,45,170
72,90,0.5325307,7,39,165
73,90,0.5383172,23,54,174
74,90,0.54165,17,49,164
75,90,0.5465569,0,26,137
76,90,0.55222297,0,33,134
77,90,0.56224555,33,64,154
78,90,0.5814835,50,79,162
79,90,0.6060187,38,69,154
80,90,0.6342991,33,72,165
81,90,0.6619138,31,73,172
82,90,0.6847354,31,73,172
83,90,0.701981,33,71,172
84,90,0.7144316,32,70,171
85,90,0.7239677,29,68,169
86,90,0.7338991,28,66,167
87,90,0.7462314,26,65,166
88,90,0.75969243,26,60,163
89,90,0.7719582,25,57,161
90,90,0.7804559,24,54,160
91,90,0.77965015,24,54,160
92,90,0.76724976,24,54,160
93,90,0.7491894,23,52,159
94,90,0.7305003,23,50,156
95,90,0.71175295,22,47,152
96,90,0.69175524,28,50,153
97,90,0.6710902,28,49,149
98,90,0.6503927,26,50,148
99,90,0.6293293,26,50,145
100,90,0.6078015,23,50,144
101,90,0.5860518,23,50,142
102,90,0.56356305,22,51,144
103,90,0.5386543,21,49,146
104,90,0.5082835,24,50,149
105,90,0.47064435,19,43,144
106,90,0.43205476,24,47,142
107,90,0.39928475,16,37,128
108,90,0.37520644,16,36,116
109,90,0.34794256,21,40,110
110,90,0.26105535,31,49,107
60,91,0.23781018,92,94,109
61,91,0.3233705,50,56,80
62,91,0.36817613,32,39,69
63,91,0.39632475,34,45,93
64,91,0.41949004,37,51,135
65,91,0.43858653,32,52,152
66,91,0.45407224,33,52,156
67,91,0.46963286,32,52,161
68,91,0.4856599,24,48,162
69,91,0.5017874,18,43,161
70,91,0.51648545,16,43,163
71,91,0.5294462,16,45,164
72,91,0.53950804,36,64,180
73,91,0.5427078,11,41,159
74,91,0.54572564,0,29,144
75,91,0.5521985,6,41,147
76,91,0.5663042,31,65,161
77,91,0.5878409,43,79,165
78,91,0.6126167,42,77,160
79,91,0.6376671,37,72,160
80,91,0.66300976,33,73,168
81,91,0.6866014,32,74,173
82,91,0.7063097,32,74,173
83,91,0.7222037,32,74,173
84,91,0.7348854,32,70,171
85,91,0.74603546,29,68,169
86,91,0.75706154,28,66,167
87,91,0.7684558,25,64,165
88,91,0.7798147,23,57,161
89,91,0.7901549,21,55,159
90,91,0.7948963,22,51,157
91,91,0.78763163,22,51,157
92,91,0.77142787,23,52,159
93,91,0.75279903,23,52,159
94,91,0.7338624,24,51,157
95,91,0.7145874,24,49,154
96,91,0.6948527,28,50,153
97,91,0.67453855,29,50,150
98,91,0.65379447,28,51,149
99,91,0.6324282,26,50,145
100,91,0.6106839,24,51,143
101,91,0.5888657,24,51,143
102,91,0.5664829,22,51,144
103,91,0.5417763,22,50,147
104,91,0.5116357,23,49,149
105,91,0.4743307,18,44,145
106,91,0.43476048,24,48,146
107,91,0.39953598,15,38,130
108,91,0.37380108,15,37,119
109,91,0.346358,21,41,115
110,91,0.25977936,28,47,110
59,92,0.23269454,90,93,110
60,92,0.31806415,42,48,83
61,92,0.36475292,31,37,83
62,92,0.3957343,48,59,110
63,92,0.4196686,38,52,121
64,92,0.4410172,29,52,148
65,92,0.4598062,24,54,163
66,92,0.474675,23,52,162
67,92,0.48793995,22,48,160
68,92,0.5021804,19,45,160
69,92,0.5162483,21,47,161
70,92,0.52761674,22,48,161
71,92,0.5361914,23,49,162
72,92,0.54287595,32,57,167
73,92,0.5457606,1,34,147
74,92,0.5520224,0,32,142
75,92,0.56598306,26,60,163
76,92,0.59044963,43,80,176
77,92,0.6178199,38,77,169
78,92,0.6432338,29,70,163
79,92,0.6667885,34,74,167
80,92,0.68831086,32,74,171
81,92,0.7077409,31,76,173
82,92,0.7249024,31,76,173
83,92,0.73970973,31,76,173
84,92,0.7523812,29,72,171
85,92,0.76408243,28,67,168
86,92,0.7758696,25,64,165
87,92,0.78737706,24,63,164
88,92,0.7980923,22,56,160
89,92,0.8065369,18,52,156
90,92,0.8063658,18,48,154
91,92,0.7938267,18,48,154
92,92,0.7752543,23,50,156
93,92,0.7562095,24,51,157
94,92,0.7370327,24,51,157
95,92,0.7174251,24,49,154
96,92,0.6977099,28,50,153
97,92,0.67741275,29,50,150
98,92,0.65657645,28,51,149
99,92,0.6351038,26,50,145
100,92,0.6132555,24,51,143
101,92,0.5913356,24,51,143
102,92,0.56880516,22,51,144
103,92,0.54379094,22,50,147
104,92,0.5132305,21,49,148
105,92,0.47568592,18,44,145
106,92,0.43535838,25,49,147
107,92,0.3985237,13,37,131
108,92,0.37116,16,38,122
109,92,0.3435208,21,43,120
110,92,0.2578468,28,49,114
58,93,0.22292696,89,92,108
59,93,0.30691698,39,44,80
60,93,0.35550848,24,33,86
61,93,0.38986456,42,55,117
62,93,0.41725457,41,54,125
63,93,0.43879068,31,50,139
64,93,0.4585688,18,48,154
65,93,0.47716573,13,50,164
66,93,0.49362743,15,47,161
67,93,0.5068593,13,44,157
68,93,0.51909924,17,45,160
69,93,0.53010964,25,51,160
70,93,0.5371587,28,52,160
71,93,0.54207766,24,49,154
72,93,0.5468285,0,26,136
73,93,0.55082536,15,42,148
74,93,0.56451756,29,58,163
75,93,0.58885187,38,70,172
76,93,0.6181352,33,71,173
77,93,0.6460664,28,71,171
78,93,0.6702513,28,72,175
79,93,0.6911561,32,76,175
80,93,0.70935947,31,76,173
81,93,0.72593987,31,76,173
82,93,0.74129844,31,76,173
83,93,0.7553057,29,74,172
84,93,0.76800627,26,70,169
85,93,0.7802616,23,67,166
86,93,0.7925147,22,62,163
87,93,0.8043392,21,59,161
88,93,0.814709,21,55,159
89,93,0.8200106,17,51,155
90,93,0.8141374,17,47,153
91,93,0.79837865,17,47,153
92,93,0.7788676,21,48,154
93,93,0.7593494,23,50,156
94,93,0.73989224,23,50,156
95,93,0.7202286,24,49,154
96,93,0.70040685,28,50,153
97,93,0.67982787,28,49,149
98,93,0.65884805,26,50,148
99,93,0.6374569,26,51,143
100,93,0.6155885,23,51,140
101,93,0.5935024,23,51,140
102,93,0.5705217,22,51,142
103,93,0.54456484,21,49,146
104,93,0.51280737,19,48,147
105,93,0.4742165,17,45,145
106,93,0.43307817,22,48,148
107,93,0.39555755,10,36,129
108,93,0.36675373,12,37,122
109,93,0.33882087,22,44,123
110,93,0.25468394,29,49,117
57,94,0.19216816,80,84,90
58,94,0.28706107,48,55,84
59,94,0.33713448,28,38,84
60,94,0.37468153,42,54,117
61,94,0.4082787,40,54,131
62,94,0.43582526,26,42,132
63,94,0.45669854,25,49,149
64,94,0.4753437,12,49,162
65,94,0.49371502,8,50,165
66,94,0.51074576,8,47,161
67,94,0.5241133,12,45,157
68,94,0.53420794,21,50,157
69,94,0.54192066,31,55,160
70,94,0.54552853,26,49,150
71,94,0.5487663,15,39,140
72,94,0.5531555,6,31,133
73,94,0.5630748,29,55,154
74,94,0.58721113,44,73,174
75,94,0.61766154,40,71,175
76,94,0.6467339,28,66,174
77,94,0.67174834,28,70,180
78,94,0.6927452,31,73,188
79,94,0.71061456,26,74,182
80,94,0.7267902,29,76,177
81,94,0.7419507,29,76,173
82,94,0.75651294,29,74,172
83,94,0.77029604,28,73,171
84,94,0.7832014,25,69,168
85,94,0.7959153,22,66,165
86,94,0.80861586,19,59,161
87,94,0.8204676,18,57,160
88,94,0.8294694,21,55,159
89,94,0.83010596,17,51,155
90,94,0.81944597,16,45,152
91,94,0.80211127,15,44,151
92,94,0.7823478,19,47,153
93,94,0.76245296,22,49,155
94,94,0.74273115,22,49,155
95,94,0.7229932,23,48,153
96,94,0.7028825,26,49,152
97,94,0.6820492,26,48,149
98,94,0.6608914,25,49,144
99,94,0.6394733,25,50,142
100,94,0.61763835,22,50,140
101,94,0.5953411,22,50,140
102,94,0.57157713,21,50,141
103,94,0.5441779,19,49,142
104,94,0.51055247,18,47,146
105,94,0.4702993,17,45,145
106,94,0.4284182,21,47,147
107,94,0.39128244,7,33,127
108,94,0.36211053,11,36,123
109,94,0.33451256,21,45,124
110,94,0.25214115,28,50,120
57,95,0.21943833,41,44,72
58,95,0.3053809,17,26,76
59,95,0.35023853,54,65,128
60,95,0.3877006,34,50,130
61,95,0.42343444,25,45,137
62,95,0.4536945,38,59,160
63,95,0.4746457,10,40,150
64,95,0.4918225,16,52,166
65,95,0.5093178,12,54,168
66,95,0.52541786,11,49,163
67,95,0.53801894,16,49,161
68,95,0.5459029,23,52,160
69,95,0.5502174,28,55,159
70,95,0.55219316,16,42,144
71,95,0.5560856,0,23,127
72,95,0.56380206,36,60,159
73,95,0.5826776,36,63,161
74,95,0.61330724,38,67,168
75,95,0.6453923,41,72,176
76,95,0.67258465,40,77,186
77,95,0.69366884,33,74,186
78,95,0.7111065,28,71,188
79,95,0.72720003,25,69,181
80,95,0.74246824,29,73,176
81,95,0.7574557,29,74,172
82,95,0.77182186,29,72,171
83,95,0.7854677,28,71,170
84,95,0.79855865,26,66,167
85,95,0.8118974,22,62,163
86,95,0.82493466,18,58,161
87,95,0.8363303,17,56,156
88,95,0.84238815,21,55,159
89,95,0.83726025,18,50,153
90,95,0.8230073,16,47,150
91,95,0.80511403,15,45,149
92,95,0.785822,18,45,150
93,95,0.76594543,21,48,152
94,95,0.7458579,21,48,152
95,95,0.72577095,22,47,152
96,95,0.7052974,25,48,151
97,95,0.6843382,26,48,149
98,95,0.6630185,24,48,143
99,95,0.64145553,24,49,141
100,95,0.6195989,22,50,140
101,95,0.5969547,21,49,137
102,95,0.5718703,19,49,139
103,95,0.5424546,19,49,142
104,95,0.50689805,18,47,144
105,95,0.46544886,17,43,144
106,95,0.42332947,19,47,144
107,95,0.3879285,6,32,124
108,95,0.3603331,11,36,120
109,95,0.33384836,24,47,123
110,95,0.25241306,29,51,119
57,96,0.23989101,48,55,102
58,96,0.31292176,28,41,112
59,96,0.3578634,34,51,140
60,96,0.39864194,25,49,149
61,96,0.43710047,26,56,161
62,96,0.46807316,3,39,150
63,96,0.48860034,19,56,168
64,96,0.50518525,16,48,163
65,96,0.5223092,8,41,157
66,96,0.5369008,12,44,160
67,96,0.5479108,24,55,166
68,96,0.5534659,22,54,160
69,96,0.5553884,10,42,149
70,96,0.55653405,10,41,146
71,96,0.56350094,19,52,152
72,96,0.5806555,39,70,168
73,96,0.6075349,37,69,169
74,96,0.6391382,37,69,171
75,96,0.6681411,33,69,172
76,96,0.6916834,33,70,178
77,96,0.71047246,32,72,181
78,96,0.7269609,33,72,185
79,96,0.74257946,33,73,182
80,96,0.7576622,36,73,175
81,96,0.7728499,36,76,172
82,96,0.7871979,34,74,171
83,96,0.80062044,29,70,167
84,96,0.8142139,23,62,161
85,96,0.8283188,17,56,156
86,96,0.8416156,13,52,153
87,96,0.8515359,17,51,151
88,96,0.8531568,16,50,152
89,96,0.8425479,17,50,150
90,96,0.8258193,18,49,150
91,96,0.8078322,16,47,149
92,96,0.7892798,13,44,147
93,96,0.7696549,13,44,147
94,96,0.74902385,17,48,148
95,96,0.72832984,22,50,149
96,96,0.70756334,23,45,149
97,96,0.6865245,24,45,148
98,96,0.6651486,23,47,145
99,96,0.64342487,23,48,140
100,96,0.6211941,21,49,139
101,96,0.5975367,21,49,137
102,96,0.57040143,21,49,139
103,96,0.5384326,21,48,140
104,96,0.5014493,22,49,143
105,96,0.46056506,28,55,148
106,96,0.41989997,16,41,134
107,96,0.38801533,10,34,125
108,96,0.36383757,22,43,124
109,96,0.3381397,21,41,112
110,96,0.25590396,33,50,113
56,97,0.20009398,89,92,111
57,97,0.28659832,54,63,122
58,97,0.33114251,41,54,136
59,97,0.37157714,38,58,154
60,97,0.41096106,18,45,152
61,97,0.44691437,21,52,166
62,97,0.47623107,0,41,156
63,97,0.49656537,13,51,165
64,97,0.51350474,16,48,163
65,97,0.5293428,10,41,156
66,97,0.5418272,16,47,160
67,97,0.55089605,26,57,166
68,97,0.5558767,18,49,160
69,97,0.55894107,0,36,143
70,97,0.56377876,10,44,149
71,97,0.57860744,34,67,167
72,97,0.60365117,33,70,169
73,97,0.6335672,33,70,169
74,97,0.66271776,33,69,172
75,97,0.687399,33,69,172
76,97,0.707508,32,69,177
77,97,0.7250477,33,70,178
78,97,0.74145836,34,71,181
79,97,0.7568829,36,72,180
80,97,0.7716911,33,69,172
81,97,0.78679967,34,71,170
82,97,0.8012743,33,70,169
83,97,0.81499064,29,67,166
84,97,0.82904613,25,59,161
85,97,0.8433891,21,55,156
86,97,0.8562829,18,52,152
87,97,0.86390674,17,51,151
88,97,0.8602066,18,51,151
89,97,0.846034,19,52,152
90,97,0.82839036,21,51,150
91,97,0.81015635,18,49,149
92,97,0.7916175,16,47,147
93,97,0.7721693,15,45,146
94,97,0.7514213,17,49,147
95,97,0.7303493,21,49,149
96,97,0.7093573,23,45,149
97,97,0.68820465,24,45,148
98,97,0.66674316,23,47,145
99,97,0.64484936,23,48,140
100,97,0.62207556,21,49,139
101,97,0.5968989,21,49,137
102,97,0.56694484,21,49,139
103,97,0.531572,21,49,139
104,97,0.49298063,22,49,143
105,97,0.45413056,31,55,146
106,97,0.4181323,18,41,133
107,97,0.3924416,15,36,125
108,97,0.3731863,26,45,124
109,97,0.3477091,24,43,113
110,97,0.26235932,37,51,109
56,98,0.23975213,88,91,112
57,98,0.31530228,45,55,114
58,98,0.34832487,34,47,130
59,98,0.38489687,34,55,151
60,98,0.4208467,12,40,148
61,98,0.4512823,17,49,163
62,98,0.4763043,10,48,164
63,98,0.4962344,16,54,169
64,98,0.5135972,11,43,160
65,98,0.5283258,21,51,165
66,98,0.5398465,24,55,166
67,98,0.54907995,17,48,159
68,98,0.55610687,7,39,150
69,98,0.56314874,10,42,149
70,98,0.57638055,24,58,161
71,98,0.60070103,40,72,172
72,98,0.63007706,33,70,169
73,98,0.6590301,32,69,168
74,98,0.6839869,32,68,171
75,98,0.7045266,32,68,171
76,98,0.72231823,31,68,176
77,98,0.73893005,32,69,177
78,98,0.7551901,33,70,180
79,98,0.7705391,33,70,178
80,98,0.78542084,31,67,170
81,98,0.8005253,32,69,170
82,98,0.8152962,31,68,169
83,98,0.8291389,26,65,166
84,98,0.8432013,25,59,161
85,98,0.85722405,21,55,156
86,98,0.86876404,19,54,153
87,98,0.87267864,19,54,153
88,98,0.8642112,19,52,153
89,98,0.8484123,22,55,154
90,98,0.83076066,24,55,153
91,98,0.81181324,22,52,151
92,98,0.7924139,19,50,149
93,98,0.7729653,17,48,148
94,98,0.752641,16,47,147
95,98,0.7314453,19,48,148
96,98,0.7101424,23,45,149
97,98,0.68881553,24,45,148
98,98,0.6672049,23,47,145
99,98,0.6451153,23,48,140
100,98,0.6217535,21,49,139
101,98,0.5948396,21,49,139
102,98,0.5618695,21,49,139
103,98,0.5229695,21,49,139
104,98,0.48263362,23,47,142
105,98,0.44647083,31,55,146
106,98,0.41697246,21,43,135
107,98,0.3988391,17,39,124
108,98,0.38453963,29,48,124
109,98,0.3588445,26,45,113
110,98,0.26952618,38,54,106
56,99,0.24351254,92,95,116
57,99,0.32010543,49,59,114
58,99,0.35138357,22,36,117
59,99,0.38584533,31,49,145
60,99,0.42054954,15,42,149
61,99,0.44826967,15,47,161
62,99,0.46882367,12,48,165
63,99,0.48532385,16,54,169
64,99,0.50158924,10,42,159
65,99,0.517165,31,60,171
66,99,0.53124994,25,56,167
67,99,0.5440926,0,32,145
68,99,0.5551603,0,34,144
69,99,0.5698451,31,62,166
70,99,0.59375703,43,76,177
71,99,0.62354624,34,67,167
72,99,0.6542053,32,69,168
73,99,0.6813519,32,69,170
74,99,0.70281446,31,67,170
75,99,0.72038597,31,67,170
76,99,0.73645645,29,68,173
77,99,0.7523046,29,67,175
78,99,0.76829123,31,68,178
79,99,0.7839072,32,69,177
80,99,0.79899734,28,65,168
81,99,0.8141782,29,67,168
82,99,0.8293637,31,68,169
83,99,0.8435165,28,66,167
84,99,0.8571525,26,60,161
85,99,0.8701074,23,57,159
86,99,0.87854767,22,56,159
87,99,0.8771866,22,56,155
88,99,0.86538136,22,55,154
89,99,0.8492007,23,56,156
90,99,0.83181936,26,57,155
91,99,0.8124881,25,56,154
92,99,0.7920416,22,52,151
93,99,0.7720196,18,49,149
94,99,0.7518,17,48,148
95,99,0.73062027,18,47,147
96,99,0.7090565,24,47,150
97,99,0.6875559,25,47,149
98,99,0.66580516,23,47,145
99,99,0.643517,23,48,140
100,99,0.61963147,21,48,140
101,99,0.591158,21,49,139
102,99,0.5555603,19,48,137
103,99,0.51361215,19,47,140
104,99,0.47170198,21,44,140
105,99,0.43818128,32,54,146
106,99,0.41524756,23,43,134
107,99,0.40385887,19,38,122
108,99,0.39313966,31,48,121
109,99,0.367136,31,47,112
110,99,0.27481458,40,54,104
56,100,0.21121368,103,105,124
57,100,0.3034747,82,89,141
58,100,0.34118387,26,41,120
59,100,0.37580356,29,48,142
60,100,0.41151172,25,50,155
61,100,0.43933523,16,47,161
62,100,0.45737085,8,41,160
63,100,0.46954045,11,47,167
64,100,0.48369187,24,56,169
65,100,0.49953496,21,51,163
66,100,0.5166002,8,40,153
67,100,0.5322171,0,34,147
68,100,0.5487557,18,50,156
69,100,0.57219404,41,71,175
70,100,0.60363805,43,76,177
71,100,0.6376366,33,66,168
72,100,0.6695283,31,68,169
73,100,0.69619244,31,68,169
74,100,0.7170407,29,66,169
75,100,0.73438686,29,66,169
76,100,0.75022596,26,66,171
77,100,0.7653486,28,67,172
78,100,0.78081584,28,66,174
79,100,0.79658884,29,68,173
80,100,0.8121323,26,64,167
81,100,0.82746404,29,67,168
82,100,0.8428452,29,67,168
83,100,0.8574749,28,66,167
84,100,0.87103504,28,62,164
85,100,0.88176256,24,58,160
86,100,0.8850018,23,57,159
87,100,0.8780192,24,58,160
88,100,0.864198,22,55,155
89,100,0.84822917,24,57,157
90,100,0.8311119,28,58,159
91,100,0.8116966,26,57,157
92,100,0.79076976,23,54,152
93,100,0.77017623,19,50,149
94,100,0.74968,17,48,148
95,100,0.72839355,19,48,148
96,100,0.7067899,22,48,150
97,100,0.685256,24,47,149
98,100,0.6633956,24,48,146
99,100,0.6408928,23,48,140
100,100,0.6165592,21,48,140
101,100,0.5870375,19,48,137
102,100,0.54923326,19,47,140
103,100,0.5039445,19,47,140
104,100,0.45998144,19,43,140
105,100,0.42790523,31,52,145
106,100,0.40991542,23,43,134
107,100,0.40344965,19,39,121
108,100,0.39527574,29,47,117
109,100,0.36982304,31,47,110
110,100,0.27650654,41,54,98
57,101,0.27051908,109,116,162
58,101,0.33233383,42,55,127
59,101,0.367933,19,37,129
60,101,0.40244424,29,51,154
61,101,0.42895454,21,49,162
62,101,0.44546676,10,42,161
63,101,0.45611954,18,50,167
64,101,0.47025126,38,67,179
65,101,0.4872654,0,33,148
66,101,0.50520515,0,23,139
67,101,0.5213037,23,54,163
68,101,0.5416748,43,73,177
69,101,0.5666251,34,65,169
70,101,0.5994823,29,62,166
71,101,0.6370397,40,72,174
72,101,0.67104197,31,68,169
73,101,0.6993752,29,67,168
74,101,0.7226971,28,65,168
75,101,0.7424933,28,65,168
76,101,0.7599734,25,65,170
77,101,0.77555054,25,65,170
78,101,0.79103446,26,65,173
79,101,0.8076146,26,66,171
80,101,0.82412726,25,63,166
81,101,0.83979106,28,66,167
82,101,0.85516125,28,66,167
83,101,0.86999243,26,65,166
84,101,0.88293767,26,60,163
85,101,0.8900112,23,57,161
86,101,0.8870722,23,57,160
87,101,0.87588483,23,57,159
88,101,0.8607779,23,56,156
89,101,0.84466493,24,57,156
90,101,0.8275897,26,57,157
91,101,0.80856526,25,56,156
92,101,0.78822374,22,52,151
93,101,0.76772064,19,50,149
94,101,0.7468906,19,50,149
95,101,0.72564673,22,50,149
96,101,0.70418096,23,49,151
97,101,0.68258864,25,48,149
98,101,0.66057265,24,48,146
99,101,0.6379159,23,48,140
100,101,0.6131139,21,48,140
101,101,0.5828046,19,48,137
102,101,0.5436407,18,45,139
103,101,0.49622685,18,45,139
104,101,0.45051718,21,44,140
105,101,0.41799903,32,54,144
106,101,0.400957,25,43,132
107,101,0.39642945,21,38,119
108,101,0.38978285,32,47,116
109,101,0.36456648,34,49,108
110,101,0.271043,41,51,89
57,102,0.26091436,128,134,171
58,102,0.33455035,71,83,149
59,102,0.3649525,10,28,115
60,102,0.39404166,19,43,144
61,102,0.4175903,26,52,163
62,102,0.4338795,18,48,164
63,102,0.44617087,26,58,174
64,102,0.46080735,21,51,165
65,102,0.47873184,0,33,146
66,102,0.49776378,3,37,149
67,102,0.5162992,34,64,172
68,102,0.5380792,45,74,182
69,102,0.56217194,32,63,167
70,102,0.5935902,25,58,163
71,102,0.6299979,39,70,174
72,102,0.6641272,29,66,169
73,102,0.6939488,29,66,169
74,102,0.71937025,28,65,171
75,102,0.74107826,26,64,170
76,102,0.76002425,24,64,169
77,102,0.7773945,24,64,169
78,102,0.79462224,25,65,170
79,102,0.8129021,25,65,170
80,102,0.83091205,23,60,164
81,102,0.84707826,25,63,166
82,102,0.862993,25,63,166
83,102,0.8782303,23,60,164
84,102,0.89005595,23,57,161
85,102,0.89230746,19,54,159
86,102,0.88487005,19,54,155
87,102,0.87218505,19,54,155
88,102,0.8564653,22,54,156
89,102,0.83921134,23,55,157
90,102,0.8213904,24,55,155
91,102,0.80309284,23,54,154
92,102,0.78412133,21,51,152
93,102,0.7642349,19,50,151
94,102,0.74368125,21,51,152
95,102,0.7228783,25,52,154
96,102,0.70124346,23,49,149
97,102,0.6793716,25,49,149
98,102,0.65728945,22,49,146
99,102,0.6345384,21,48,140
100,102,0.60914963,21,48,140
101,102,0.57795453,19,48,137
102,102,0.5380645,18,45,139
103,102,0.49062467,18,45,139
104,102,0.44582355,25,50,142
105,102,0.41406244,37,58,148
106,102,0.3958582,29,47,135
107,102,0.38906863,22,39,120
108,102,0.37885708,34,48,113
109,102,0.3396052,39,52,107
110,102,0.22997078,39,49,77
57,103,0.25955823,137,141,170
58,103,0.33808956,104,114,171
59,103,0.3577264,13,31,112
60,103,0.37992743,15,38,132
61,103,0.4025226,28,55,159
62,103,0.4217476,21,51,165
63,103,0.43932328,28,57,172
64,103,0.45614123,0,24,141
65,103,0.47321737,15,45,156
66,103,0.49444234,31,60,169
67,103,0.5165818,32,62,170
68,103,0.53842145,32,62,170
69,103,0.56187654,37,66,174
70,103,0.59091103,36,67,171
71,103,0.62461656,28,60,165
72,103,0.65800494,29,66,169
73,103,0.68768525,28,65,168
74,103,0.7126732,26,64,170
75,103,0.7343014,25,63,169
76,103,0.7537686,24,64,169
77,103,0.7723753,24,64,169
78,103,0.79074687,24,64,169
79,103,0.809177,24,64,169
80,103,0.827459,22,59,163
81,103,0.84451437,23,60,164
82,103,0.8616984,23,60,164
83,103,0.8781312,21,58,162
84,103,0.88991183,21,55,159
85,103,0.8900003,17,51,155
86,103,0.88036186,16,50,154
87,103,0.8663826,16,50,152
88,103,0.84976566,22,54,156
89,103,0.8321402,22,54,156
90,103,0.81453615,23,54,156
91,103,0.7965615,21,51,152
92,103,0.77791077,18,49,150
93,103,0.7584206,19,50,151
94,103,0.73872036,22,52,153
95,103,0.7189713,26,54,155
96,103,0.6978149,23,49,149
97,103,0.6759367,25,49,149
98,103,0.6536985,22,49,146
99,103,0.6305697,21,48,142
100,103,0.6045853,21,48,140
101,103,0.57270396,19,48,137
102,103,0.53296983,18,45,139
103,103,0.48774138,21,45,139
104,103,0.44664457,31,52,145
105,103,0.41708577,41,60,149
106,103,0.39813638,33,48,134
107,103,0.38801286,25,40,119
108,103,0.3705176,37,48,113
109,103,0.29723015,43,52,103
57,104,0.21993001,102,105,125
58,104,0.32027087,150,161,203
59,104,0.3441423,48,66,133
60,104,0.36297467,11,36,124
61,104,0.38709298,31,56,154
62,104,0.41012183,26,56,162
63,104,0.43174374,6,38,151
64,104,0.44996408,10,41,152
65,104,0.47025794,18,50,156
66,104,0.49631962,28,58,167
67,104,0.5214646,31,60,169
68,104,0.5431835,28,58,167
69,104,0.56556475,25,56,165
70,104,0.5925562,28,60,168
71,104,0.62384385,33,65,172
72,104,0.6542366,26,64,170
73,104,0.6815512,26,64,170
74,104,0.70541114,28,65,171
75,104,0.7269294,29,66,172
76,104,0.7465109,28,67,172
77,104,0.7646921,25,65,170
78,104,0.7826845,24,64,166
79,104,0.80075663,23,63,165
80,104,0.8190014,24,62,165
81,104,0.83658093,23,60,164
82,104,0.8538766,21,58,162
83,104,0.87010205,19,57,161
84,104,0.88175577,21,54,160
85,104,0.88277954,21,55,159
86,104,0.87338126,19,54,157
87,104,0.858725,19,54,157
88,104,0.84149903,23,55,160
89,104,0.82361585,23,55,157
90,104,0.8061178,25,56,159
91,104,0.78825337,24,55,157
92,104,0.7698023,23,54,154
93,104,0.7505618,22,52,153
94,104,0.7313374,21,51,152
95,104,0.71241975,22,49,151
96,104,0.6925925,26,52,152
97,104,0.6716265,28,51,150
98,104,0.64973736,24,51,148
99,104,0.62633777,23,50,144
100,104,0.59982175,21,48,140
101,104,0.5676297,19,47,140
102,104,0.5288033,21,45,139
103,104,0.48711616,19,44,137
104,104,0.45075652,34,56,148
105,104,0.42358094,38,57,146
106,104,0.40528703,26,42,127
107,104,0.3931173,26,41,113
108,104,0.37072885,40,52,112
109,104,0.27968043,42,51,93
58,105,0.2763649,137,145,176
59,105,0.33398402,97,111,167
60,105,0.3503635,15,38,116
61,105,0.3736094,18,43,136
62,105,0.3999863,22,49,151
63,105,0.42416945,0,33,144
64,105,0.44346392,28,59,164
65,105,0.4672016,28,59,164
66,105,0.4975827,29,59,168
67,105,0.5263372,28,58,167
68,105,0.5502419,26,57,166
69,105,0.57249224,25,56,165
70,105,0.5968896,25,58,166
71,105,0.6243006,25,58,166
72,105,0.65094817,25,63,169
73,105,0.675731,26,64,170
74,105,0.6981667,26,64,170
75,105,0.71852463,28,65,171
76,105,0.7374102,25,65,170
77,105,0.7553864,24,64,166
78,105,0.7735662,23,63,165
79,105,0.7916063,22,62,164
80,105,0.809373,25,63,166
81,105,0.8265881,25,63,166
82,105,0.8430416,24,62,165
83,105,0.8575503,23,60,164
84,105,0.8679989,25,58,163
85,105,0.8713706,23,56,161
86,105,0.86424786,22,56,160
87,105,0.85049856,22,56,160
88,105,0.8338189,23,55,160
89,105,0.81582373,23,55,160
90,105,0.79744875,24,55,157
91,105,0.77878886,24,55,157
92,105,0.76020086,23,54,154
93,105,0.7416467,22,52,153
94,105,0.72324836,21,51,152
95,105,0.70437586,22,49,151
96,105,0.6846166,25,51,151
97,105,0.6644755,28,51,150
98,105,0.6436213,24,51,148
99,105,0.6208606,23,50,144
100,105,0.59464186,22,49,141
101,105,0.5624979,21,48,140
102,105,0.5240051,22,47,140
103,105,0.48464975,23,45,140
104,105,0.45185262,38,56,148
105,105,0.42684662,34,50,141
106,105,0.41041672,28,41,125
107,105,0.39760223,29,42,113
108,105,0.37302598,41,51,109
109,105,0.2791989,45,54,89
58,106,0.22190599,112,121,140
59,106,0.31841335,143,160,200
60,106,0.341571,41,62,126
61,106,0.36293176,3,31,113
62,106,0.38998926,12,40,139
63,106,0.4133445,0,34,139
64,106,0.43356866,39,69,172
65,106,0.45974156,33,64,167
66,106,0.49351972,28,59,164
67,106,0.5264573,25,57,162
68,106,0.5533176,26,57,166
69,106,0.57625896,28,58,167
70,106,0.5993288,25,58,168
71,106,0.62383753,24,57,167
72,106,0.64728767,24,60,170
73,106,0.66904277,25,62,171
74,106,0.6894445,25,63,169
75,106,0.70873153,25,63,169
76,106,0.7275414,24,64,166
77,106,0.7455729,23,63,165
78,106,0.76344883,22,62,164
79,106,0.7811223,21,60,163
80,106,0.7983872,24,62,165
81,106,0.81486493,24,62,168
82,106,0.82997954,24,62,168
83,106,0.8424451,24,62,168
84,106,0.8517931,26,59,164
85,106,0.85715157,24,57,162
86,106,0.85312206,22,55,161
87,106,0.8414533,21,54,160
88,106,0.82568526,23,55,160
89,106,0.80823874,23,55,160
90,106,0.789996,24,55,157
91,106,0.7709184,24,55,157
92,106,0.751445,23,54,156
93,106,0.7323017,22,52,155
94,106,0.7139618,19,50,153
95,106,0.6953343,21,48,150
96,106,0.67563385,24,50,150
97,106,0.65549743,24,50,149
98,106,0.6350426,24,51,148
99,106,0.6131502,23,50,144
100,106,0.5878823,23,50,142
101,106,0.5566118,22,49,141
102,106,0.51898825,24,48,143
103,106,0.48034558,25,48,141
104,106,0.44800007,37,55,148
105,106,0.4236495,25,43,132
106,106,0.40814787,28,41,123
107,106,0.39452112,32,44,113
108,106,0.3676938,38,48,103
109,106,0.27376387,45,54,82
59,107,0.28236926,153,168,195
60,107,0.33642033,90,108,162
61,107,0.35274974,6,33,107
62,107,0.37593836,0,32,122
63,107,0.3975197,10,39,140
64,107,0.41829354,31,60,161
65,107,0.4462812,26,58,162
66,107,0.48212773,25,57,162
67,107,0.51839536,25,57,162
68,107,0.5489044,28,58,167
69,107,0.5743547,29,59,168
70,107,0.5977712,29,62,171
71,107,0.62005615,31,63,172
72,107,0.6406721,24,60,170
73,107,0.66044533,24,60,170
74,107,0.68000454,24,60,170
75,107,0.6987592,24,62,168
76,107,0.71707124,22,62,164
77,107,0.73475444,22,62,164
78,107,0.7521798,21,60,162
79,107,0.7695672,21,60,162
80,107,0.7866036,19,57,161
81,107,0.8017608,21,58,165
82,107,0.814596,22,59,166
83,107,0.8252205,23,60,167
84,107,0.83458257,25,58,163
85,107,0.8414365,23,56,161
86,107,0.8406615,19,52,159
87,107,0.8315828,17,50,156
88,107,0.81617785,23,55,160
89,107,0.79918534,23,55,160
90,107,0.7818485,24,54,160
91,107,0.76350534,24,55,157
92,107,0.744244,23,54,156
93,107,0.7245521,22,52,155
94,107,0.7049367,19,50,153
95,107,0.6852118,19,50,151
96,107,0.6652387,24,50,152
97,107,0.6454732,24,50,149
98,107,0.62562084,24,50,149
99,107,0.603872,23,50,144
100,107,0.5784605,23,50,144
101,107,0.54739314,23,50,142
102,107,0.5105287,25,49,144
103,107,0.4721941,26,49,142
104,107,0.43997785,28,47,141
105,107,0.41674256,21,37,127
106,107,0.40041128,32,44,126
107,107,0.38238907,37,48,114
108,107,0.34001407,37,44,97
109,107,0.23079965,42,47,67
59,108,0.22898276,125,139,155
60,108,0.3216208,140,159,199
61,108,0.3414928,36,60,121
62,108,0.36039948,0,29,110
63,108,0.38349846,11,39,132
64,108,0.40533414,12,43,144
65,108,0.43188274,18,50,155
66,108,0.46650898,26,58,163
67,108,0.5043218,29,60,165
68,108,0.5376269,28,58,167
69,108,0.5651413,26,57,168
70,108,0.58923113,29,60,173
71,108,0.6111102,32,63,175
72,108,0.6311973,24,60,172
73,108,0.6504356,24,60,170
74,108,0.6694246,23,59,169
75,108,0.687769,23,60,167
76,108,0.7056287,21,60,163
77,108,0.72302145,21,60,163
78,108,0.7401663,21,60,162
79,108,0.75713944,21,60,162
80,108,0.77332574,18,56,161
81,108,0.7868884,19,57,164
82,108,0.79789865,22,59,166
83,108,0.80758,23,60,167
84,108,0.8170292,25,58,166
85,108,0.8235598,23,56,164
86,108,0.82411766,19,52,159
87,108,0.8184371,18,51,157
88,108,0.80582136,24,56,161
89,108,0.7896273,24,56,161
90,108,0.77233547,25,55,161
91,108,0.7545866,25,55,161
92,108,0.7360139,24,55,157
93,108,0.71641546,22,52,155
94,108,0.6959916,21,51,154
95,108,0.67522377,19,50,151
96,108,0.6545146,23,49,151
97,108,0.6343945,23,49,149
98,108,0.6144533,23,49,149
99,108,0.5924711,23,50,144
100,108,0.56630945,23,50,144
101,108,0.53377956,23,50,142
102,108,0.49600062,25,49,144
103,108,0.45825738,25,48,141
104,108,0.4276416,18,38,133
105,108,0.40604615,21,37,127
106,108,0.39032882,38,49,127
107,108,0.36743087,41,50,115
108,108,0.29302546,42,47,91
60,109,0.28366753,152,171,200
61,109,0.33295396,79,103,154
62,109,0.34701413,16,42,115
63,109,0.37110174,6,36,125
64,109,0.39602622,0,36,135
65,109,0.42026475,13,45,149
66,109,0.44985142,26,58,163
67,109,0.48457327,32,63,167
68,109,0.51811874,29,59,170
69,109,0.54777086,25,56,167
70,109,0.574187,25,57,170
71,109,0.59758514,29,60,173
72,109,0.6186911,25,62,173
73,109,0.63834727,24,60,172
74,109,0.6573356,23,59,169
75,109,0.6757502,22,59,166
76,109,0.69350964,21,60,166
77,109,0.7107458,21,60,162
78,109,0.72748655,21,60,162
79,109,0.7432669,22,62,163
80,109,0.75761896,22,59,163
81,109,0.7699568,23,60,167
82,109,0.78022045,23,60,167
83,109,0.7900732,24,62,168
84,109,0.7992647,26,59,167
85,109,0.8044508,25,58,166
86,109,0.80410975,23,56,161
87,109,0.8004588,22,55,161
88,109,0.7927375,25,57,162
89,109,0.7801612,25,57,162
90,109,0.7637946,26,56,161
91,109,0.7453886,26,56,161
92,109,0.7257278,25,56,159
93,109,0.70505786,24,55,157
94,109,0.6835406,23,54,156
95,109,0.662461,22,52,155
96,109,0.642747,23,49,149
97,109,0.62330824,23,49,149
98,109,0.6024855,23,50,147
99,109,0.5782455,22,49,146
100,109,0.5495209,22,49,143
101,109,0.5153943,21,48,140
102,109,0.4775227,23,47,142
103,109,0.44086343,23,45,140
104,109,0.41227666,17,33,130
105,109,0.3926991,28,43,130
106,109,0.37791538,39,50,128
107,109,0.35319403,41,50,114
108,109,0.26589334,49,54,92
60,110,0.22815566,121,137,157
61,110,0.316705,124,145,190
62,110,0.33725673,47,73,139
63,110,0.35982475,3,36,119
64,110,0.38702434,0,34,134
65,110,0.40912876,10,42,147
66,110,0.43153065,22,54,160
67,110,0.45960435,29,60,165
68,110,0.49176937,32,62,172
69,110,0.5235894,31,60,171
70,110,0.55316055,28,59,172
71,110,0.5799208,28,59,173
72,110,0.6037336,26,63,175
73,110,0.6248561,25,62,173
74,110,0.64451194,24,60,170
75,110,0.6631439,22,59,166
76,110,0.68093324,21,60,166
77,110,0.6978063,21,60,162
78,110,0.7136014,22,62,163
79,110,0.7280765,23,63,164
80,110,0.7410932,23,60,167
81,110,0.752377,23,59,169
82,110,0.7622222,23,60,167
83,110,0.7721793,22,59,166
84,110,0.78079027,25,58,166
85,110,0.7853801,25,58,166
86,110,0.78388244,24,57,162
87,110,0.78035504,24,57,162
88,110,0.77568287,28,59,164
89,110,0.7678725,28,59,164
90,110,0.7550259,29,58,163
91,110,0.7373579,28,57,162
92,110,0.7162802,28,57,162
93,110,0.6924375,25,55,161
94,110,0.66746604,24,54,160
95,110,0.6451244,23,54,156
96,110,0.6269323,23,49,149
97,110,0.609728,23,49,149
98,110,0.5893804,22,49,146
99,110,0.56279767,21,48,145
100,110,0.5301509,19,47,141
101,110,0.4938783,18,45,140
102,110,0.4571483,19,43,140
103,110,0.42374867,21,43,137
104,110,0.39940304,21,37,133
105,110,0.3828996,40,51,139
106,110,0.3642268,37,48,126
107,110,0.32457557,39,48,110
108,110,0.22231899,51,55,82
61,111,0.28032607,144,160,191
62,111,0.33254096,78,98,148
63,111,0.35051683,12,39,112
64,111,0.37572464,3,36,130
65,111,0.3981392,3,38,143
66,111,0.41621527,13,45,151
67,111,0.43618184,24,56,161
68,111,0.4630213,34,64,172
69,111,0.4948961,38,67,177
70,111,0.5279783,34,65,177
71,111,0.55950695,31,62,174
72,111,0.58730274,28,64,175
73,111,0.6104865,26,63,174
74,111,0.63077396,24,60,170
75,111,0.64947766,22,60,169
76,111,0.6671543,21,60,166
77,111,0.6833721,19,64,164
78,111,0.69820577,21,65,164
79,111,0.71225023,24,64,166
80,111,0.72438127,21,58,165
81,111,0.73448694,24,57,167
82,111,0.7445468,23,56,164
83,111,0.75439036,22,55,163
84,111,0.762088,22,55,163
85,111,0.76617354,22,55,163
86,111,0.7643508,23,56,161
87,111,0.7604574,23,56,161
88,111,0.75619304,28,59,164
89,111,0.75111747,29,60,165
90,111,0.7430557,29,60,164
91,111,0.7288914,28,59,163
92,111,0.7080859,28,59,163
93,111,0.68184847,25,57,161
94,111,0.6533259,24,56,161
95,111,0.6278343,24,55,157
96,111,0.6080234,22,50,149
97,111,0.59146434,23,49,149
98,111,0.57189584,22,49,146
99,111,0.5447425,21,48,145
100,111,0.5109157,18,45,140
101,111,0.475137,17,44,140
102,111,0.44081736,18,43,136
103,111,0.4109535,18,41,133
104,111,0.3903097,26,44,133
105,111,0.3758308,47,59,140
106,111,0.35066205,33,45,117
107,111,0.277446,34,42,91
61,112,0.22633918,123,127,146
62,112,0.31694058,133,143,172
63,112,0.3419507,38,54,107
64,112,0.3648739,7,34,122
65,112,0.38853326,12,43,146
66,112,0.40510693,6,38,141
67,112,0.41812894,15,45,149
68,112,0.43740147,38,68,171
69,112,0.46619198,36,66,170
70,112,0.50176316,22,55,163
71,112,0.537963,32,64,171
72,112,0.5689842,28,64,173
73,112,0.5928727,26,65,173
74,112,0.612854,24,63,171
75,112,0.6321262,18,60,168
76,112,0.6499159,21,63,170
77,112,0.6659674,24,69,174
78,112,0.68083835,21,66,169
79,112,0.69530636,15,57,163
80,112,0.70647705,26,59,167
81,112,0.7158531,26,57,166
82,112,0.72601247,25,56,165
83,112,0.7352459,25,56,165
84,112,0.74263537,26,57,166
85,112,0.7463442,25,56,165
86,112,0.7449247,24,56,161
87,112,0.74087805,23,55,161
88,112,0.7363576,24,57,162
89,112,0.7323825,29,62,166
90,112,0.7276468,33,66,168
91,112,0.71784765,32,65,167
92,112,0.69982934,26,60,161
93,112,0.6739088,24,58,160
94,112,0.6439288,28,62,162
95,112,0.6154469,34,66,164
96,112,0.59087574,17,48,148
97,112,0.57036823,18,47,146
98,112,0.5488612,19,48,147
99,112,0.52235425,22,50,147
100,112,0.49154362,19,47,141
101,112,0.4609407,11,39,132
102,112,0.4315379,12,38,128
103,112,0.40530547,16,40,125
104,112,0.38563913,29,48,125
105,112,0.3669813,28,47,113
106,112,0.32632515,29,42,100
107,112,0.22287469,47,52,81
62,113,0.2766317,132,136,154
63,113,0.3357644,86,94,136
64,113,0.35673687,7,29,112
65,113,0.3777516,8,38,139
66,113,0.3948829,10,39,140
67,113,0.40584254,12,43,144
68,113,0.41934606,26,57,160
69,113,0.44397515,29,60,164
70,113,0.4790374,26,58,163
71,113,0.5153942,29,62,169
72,113,0.54532933,26,63,172
73,113,0.5679741,26,65,173
74,113,0.58787215,25,64,174
75,113,0.6077071,21,63,172
76,113,0.6259126,23,65,174
77,113,0.64283615,25,70,175
78,113,0.6590805,23,68,173
79,113,0.67471683,17,59,167
80,113,0.685976,29,62,169
81,113,0.696031,29,59,168
82,113,0.70622,28,58,167
83,113,0.7150182,26,57,166
84,113,0.72252816,26,57,166
85,113,0.72588855,25,57,162
86,113,0.7247138,24,56,161
87,113,0.72080064,23,55,161
88,113,0.71628696,32,64,168
89,113,0.71326613,37,69,171
90,113,0.71001923,40,72,174
91,113,0.7028092,38,70,172
92,113,0.68885666,32,65,165
93,113,0.6663664,23,62,161
94,113,0.6367565,28,62,162
95,113,0.60498357,31,64,162
96,113,0.5748232,19,50,149
97,113,0.5488171,19,48,147
98,113,0.52446693,19,48,147
99,113,0.4990079,19,48,145
100,113,0.47317278,17,44,140
101,113,0.44898158,12,38,131
102,113,0.4244554,12,39,126
103,113,0.40215984,18,43,124
104,113,0.38478547,33,52,122
105,113,0.36096963,32,48,110
106,113,0.28806838,39,52,95
62,114,0.22194429,111,115,129
63,114,0.31689703,132,140,177
64,114,0.34451962,26,49,123
65,114,0.36419436,6,37,127
66,114,0.38647574,6,37,131
67,114,0.4003973,11,43,140
68,114,0.41177693,15,45,146
69,114,0.43062368,23,55,157
70,114,0.4592805,32,63,167
71,114,0.48948836,29,62,169
72,114,0.5150562,26,63,174
73,114,0.5361353,28,66,176
74,114,0.55570865,26,64,176
75,114,0.57546884,22,64,173
76,114,0.5944211,23,65,174
77,114,0.61244977,25,70,175
78,114,0.63091326,23,68,173
79,114,0.6489557,18,60,166
80,114,0.6619682,29,66,172
81,114,0.67341286,32,64,171
82,114,0.6835456,29,62,166
83,114,0.6925962,26,59,164
84,114,0.7002066,24,57,162
85,114,0.7037376,23,56,161
86,114,0.7033064,23,56,161
87,114,0.7001287,23,57,161
88,114,0.6954908,36,66,169
89,114,0.69232965,40,70,173
90,114,0.6895571,44,74,177
91,114,0.68364644,43,73,174
92,114,0.6728916,37,67,168
93,114,0.65534043,29,63,163
94,114,0.6288328,26,58,161
95,114,0.5956073,26,59,159
96,114,0.56126785,26,55,153
97,114,0.5307272,22,48,148
98,114,0.50515765,19,47,144
99,114,0.48313347,17,44,142
100,114,0.46331573,15,39,135
101,114,0.44262007,11,37,130
102,114,0.4183819,15,39,127
103,114,0.39698377,23,44,126
104,114,0.38085684,37,55,123
105,114,0.3547881,32,47,105
106,114,0.26684844,45,52,87
63,115,0.24429393,135,142,168
64,115,0.31822488,78,97,157
65,115,0.35108,18,48,128
66,115,0.37930772,0,26,115
67,115,0.39749458,8,39,129
68,115,0.40759566,11,40,139
69,115,0.41945875,17,48,149
70,115,0.4382031,33,62,167
71,115,0.46009913,31,60,171
72,115,0.48181662,31,62,175
73,115,0.501997,31,66,178
74,115,0.52127343,32,67,179
75,115,0.54063034,26,64,176
76,115,0.5591866,26,65,173
77,115,0.5768578,26,68,173
78,115,0.59703773,25,67,172
79,115,0.61760664,19,64,164
80,115,0.6333903,33,69,172
81,115,0.64560056,36,67,171
82,115,0.65485936,32,64,168
83,115,0.6638331,26,59,164
84,115,0.6719007,22,55,161
85,115,0.6771463,21,55,159
86,115,0.6790506,22,56,160
87,115,0.6779156,23,57,161
88,115,0.6738333,29,60,164
89,115,0.66930103,36,66,167
90,115,0.6658938,41,71,172
91,115,0.6609949,42,72,173
92,115,0.652023,40,69,170
93,115,0.63735247,33,63,162
94,115,0.6152749,28,58,161
95,115,0.58525985,24,55,155
96,115,0.5513016,29,55,153
97,115,0.52037036,22,49,146
98,115,0.4970206,19,43,142
99,115,0.4799046,16,40,136
100,115,0.46450657,12,37,133
101,115,0.44407615,10,33,126
102,115,0.4162395,17,38,127
103,115,0.3906599,26,45,125
104,115,0.36947423,37,51,121
105,115,0.32916668,31,44,102
106,115,0.2248391,42,47,73
64,116,0.2775726,121,140,185
65,116,0.33976105,49,77,141
66,116,0.3673525,0,26,103
67,116,0.3873896,7,34,116
68,116,0.39960814,10,38,131
69,116,0.40905496,12,41,142
70,116,0.419885,25,52,159
71,116,0.4344248,25,54,166
72,116,0.45239574,36,64,178
73,116,0.47209558,39,69,184
74,116,0.49275342,38,71,186
75,116,0.51208085,34,70,182
76,116,0.52877605,34,71,179
77,116,0.5453088,33,73,178
78,116,0.56483424,32,74,173
79,116,0.5849884,26,70,169
80,116,0.60119146,37,74,175
81,116,0.61159635,38,74,175
82,116,0.61839837,36,72,173
83,116,0.62523586,29,67,168
84,116,0.6335201,23,62,163
85,116,0.6424083,19,58,161
86,116,0.64925015,23,57,161
87,116,0.6528459,24,58,160
88,116,0.65184057,22,54,156
89,116,0.6461557,29,59,160
90,116,0.6407979,38,67,166
91,116,0.63550544,42,71,170
92,116,0.626138,44,70,170
93,116,0.61118627,39,66,163
94,116,0.5918355,33,59,161
95,116,0.56897736,31,56,155
96,116,0.54263794,28,51,149
97,116,0.5185558,22,45,141
98,116,0.5011495,17,40,136
99,116,0.48781437,15,38,134
100,116,0.47299638,11,34,131
101,116,0.44983414,8,32,125
102,116,0.41740945,16,37,126
103,116,0.38681224,26,45,124
104,116,0.35817742,37,51,122
105,116,0.2856317,37,48,101
64,117,0.22189315,113,125,151
65,117,0.31408316,90,114,163
66,117,0.34800324,31,56,117
67,117,0.36819172,12,39,112
68,117,0.38623142,11,38,125
69,117,0.40007827,8,37,132
70,117,0.41033635,13,39,146
71,117,0.4197192,17,43,157
72,117,0.4312866,34,62,176
73,117,0.44912153,40,68,184
74,117,0.47142896,44,74,189
75,117,0.49128616,41,76,186
76,117,0.50769895,41,76,184
77,117,0.5247327,43,81,182
78,117,0.5423266,43,83,179
79,117,0.55866593,39,81,177
80,117,0.5707658,41,81,177
81,117,0.576986,45,83,183
82,117,0.580759,50,86,186
83,117,0.5840731,48,84,182
84,117,0.5903009,40,77,177
85,117,0.6008015,31,68,167
86,117,0.61263734,28,62,162
87,117,0.62199587,26,59,159
88,117,0.6248071,23,54,154
89,117,0.61978376,29,59,160
90,117,0.6130536,39,65,165
91,117,0.6055643,44,71,168
92,117,0.59338653,44,71,168
93,117,0.57639813,42,67,165
94,117,0.558587,36,60,160
95,117,0.54462564,33,56,154
96,117,0.53321934,22,44,140
97,117,0.52271646,17,40,134
98,117,0.51242757,15,38,134
99,117,0.50036496,15,38,132
100,117,0.48320037,11,34,129
101,117,0.45647445,11,32,125
102,117,0.4206946,17,36,122
103,117,0.38622376,25,42,122
104,117,0.35327336,38,50,120
105,117,0.2660949,44,54,99
65,118,0.23914647,113,131,160
66,118,0.31515566,84,106,153
67,118,0.3454117,33,54,116
68,118,0.36781552,16,39,117
69,118,0.38824204,16,40,130
70,118,0.40334034,12,36,140
71,118,0.41258222,10,36,147
72,118,0.4195021,23,48,164
73,118,0.43271005,32,59,174
74,118,0.45207202,40,68,182
75,118,0.47081175,42,73,182
76,118,0.4887238,41,77,182
77,118,0.50775856,47,84,184
78,118,0.5251337,49,88,182
79,118,0.5381577,49,88,180
80,118,0.54441077,42,84,180
81,118,0.5474015,54,94,190
82,118,0.55040705,69,107,202
83,118,0.5524843,72,110,203
84,118,0.5550294,65,100,196
85,118,0.56128734,48,84,180
86,118,0.57271713,36,68,166
87,118,0.5851419,28,60,157
88,118,0.5905402,28,58,156
89,118,0.58727926,32,62,160
90,118,0.57932204,39,66,163
91,118,0.5682599,43,68,165
92,118,0.5530434,42,67,164
93,118,0.5358336,39,62,160
94,118,0.52240425,29,52,151
95,118,0.5187287,24,45,145
96,118,0.5225812,13,37,131
97,118,0.52609396,13,34,127
98,118,0.5223366,15,34,130
99,118,0.5099778,17,38,130
100,118,0.4898752,16,37,129
101,118,0.46099228,13,31,124
102,118,0.42380014,15,33,120
103,118,0.3861424,22,39,119
104,118,0.34987015,34,47,116
105,118,0.2616114,49,56,97
66,119,0.23862283,112,129,162
67,119,0.3144988,50,71,122
68,119,0.3490261,22,42,111
69,119,0.37131992,24,45,128
70,119,0.39068523,16,39,135
71,119,0.40543574,10,33,140
72,119,0.41510975,11,36,150
73,119,0.42487058,22,48,161
74,119,0.43713176,32,59,171
75,119,0.44994786,37,66,174
76,119,0.46594235,41,73,175
77,119,0.48471063,45,82,178
78,119,0.503134,51,89,180
79,119,0.51553535,51,91,181
80,119,0.51887673,45,85,179
81,119,0.5209778,62,103,194
82,119,0.52533966,83,121,212
83,119,0.5298822,91,129,220
84,119,0.5310457,82,116,210
85,119,0.53118795,64,95,189
86,119,0.5363453,42,73,169
87,119,0.5458838,28,60,156
88,119,0.5505856,32,62,160
89,119,0.5479411,36,63,160
90,119,0.538975,39,64,161
91,119,0.5258776,39,65,159
92,119,0.51133823,38,60,159
93,119,0.4995795,31,54,149
94,119,0.4954018,21,42,144
95,119,0.50115585,12,36,132
96,119,0.5121723,10,31,124
97,119,0.52197635,10,31,123
98,119,0.52373016,13,34,126
99,119,0.5131254,18,39,131
100,119,0.4915026,18,36,129
101,119,0.46091935,13,31,124
102,119,0.42285544,15,31,119
103,119,0.38270885,22,36,117
104,119,0.34323817,29,42,114
105,119,0.2556705,51,57,97
67,120,0.2714282,112,128,162
68,120,0.3303207,59,76,132
69,120,0.34980115,23,41,112
70,120,0.3713024,21,39,125
71,120,0.3918964,18,38,135
72,120,0.40889922,17,40,145
73,120,0.4220075,10,36,145
74,120,0.43007165,11,39,147
75,120,0.43608752,19,50,153
76,120,0.44532415,32,64,162
77,120,0.45835352,40,73,167
78,120,0.47441033,49,84,172
79,120,0.48731184,54,91,179
80,120,0.49191132,50,89,181
81,120,0.4938407,54,92,184
82,120,0.49969155,72,110,201
83,120,0.5088718,97,134,223
84,120,0.5120461,101,137,226
85,120,0.508302,82,113,204
86,120,0.5059499,55,85,179
87,120,0.5083767,41,73,164
88,120,0.5094235,28,59,155
89,120,0.5060017,34,62,155
90,120,0.4977823,37,63,156
91,120,0.48660275,36,58,151
92,120,0.47764328,26,48,147
93,120,0.47451124,17,40,136
94,120,0.4777763,12,32,133
95,120,0.48685175,10,29,126
96,120,0.49775222,15,36,125
97,120,0.50782466,11,33,119
98,120,0.5129333,15,36,125
99,120,0.50725347,23,43,134
100,120,0.48722747,25,42,134
101,120,0.4546455,17,34,127
102,120,0.41475964,15,31,119
103,120,0.37294486,18,32,113
104,120,0.3319939,25,39,111
105,120,0.24785763,50,56,103
67,121,0.20063895,97,105,121
68,121,0.2712587,110,126,164
69,121,0.31488743,41,57,119
70,121,0.34893063,13,32,106
71,121,0.37266767,33,50,135
72,121,0.39476943,15,38,132
73,121,0.41341192,11,36,135
74,121,0.4243503,8,36,137
75,121,0.4296925,11,40,140
76,121,0.4335921,11,43,140
77,121,0.43960196,17,51,146
78,121,0.44953513,32,65,154
79,121,0.46082315,44,80,166
80,121,0.46759322,43,82,173
81,121,0.47129238,39,80,170
82,121,0.47728145,48,86,178
83,121,0.48530966,63,100,190
84,121,0.48782292,68,100,191
85,121,0.48460847,54,88,176
86,121,0.48041585,41,73,164
87,121,0.47718576,38,68,161
88,121,0.47476733,36,63,156
89,121,0.47131878,32,60,151
90,121,0.46542224,25,52,146
91,121,0.45833784,17,41,137
92,121,0.4540091,8,32,129
93,121,0.45394164,6,29,125
94,121,0.45702058,13,33,131
95,121,0.46391228,18,39,131
96,121,0.4726033,11,33,119
97,121,0.4822809,6,28,112
98,121,0.48980808,8,31,116
99,121,0.48952606,18,39,128
100,121,0.475145,23,43,134
101,121,0.44369948,22,39,131
102,121,0.40242726,18,37,126
103,121,0.36036336,19,37,119
104,121,0.32159606,23,37,110
105,121,0.2538045,51,58,115
69,122,0.2370022,104,116,157
70,122,0.31451175,65,80,140
71,122,0.3493913,15,33,105
72,122,0.37113008,29,50,130
73,122,0.39208007,12,37,125
74,122,0.40914336,0,28,119
75,122,0.41834283,1,34,125
76,122,0.4231673,11,44,135
77,122,0.42930737,12,47,137
78,122,0.43655,7,42,133
79,122,0.44447452,0,41,130
80,122,0.4509622,29,66,155
81,122,0.45817295,19,60,150
82,122,0.4649826,24,59,154
83,122,0.4693213,32,68,157
84,122,0.47069973,31,67,156
85,122,0.4702019,23,57,148
86,122,0.4659498,22,54,146
87,122,0.45825723,26,58,149
88,122,0.4523318,16,45,140
89,122,0.44753087,1,34,127
90,122,0.44230247,0,22,117
91,122,0.4355985,0,28,123
92,122,0.42917898,17,42,135
93,122,0.42647558,26,51,141
94,122,0.4266558,22,44,139
95,122,0.43004817,12,37,127
96,122,0.434445,17,42,123
97,122,0.44270825,8,34,113
98,122,0.45402598,1,29,112
99,122,0.4608339,10,34,120
100,122,0.45592794,16,40,128
101,122,0.43225783,18,39,130
102,122,0.3948671,15,33,123
103,122,0.35585323,13,29,115
104,122,0.32196316,21,33,109
105,122,0.28429243,37,48,112
106,122,0.20909545,52,58,100
70,123,0.23674054,106,117,154
71,123,0.31052545,54,70,126
72,123,0.3404418,21,42,109
73,123,0.36005178,25,48,120
74,123,0.3774073,29,56,134
75,123,0.39014453,23,52,134
76,123,0.40198112,7,39,125
77,123,0.41355738,0,26,116
78,123,0.42116112,0,32,122
79,123,0.42790633,8,45,132
80,123,0.43618542,6,41,134
81,123,0.44620907,3,40,136
82,123,0.45450577,7,42,139
83,123,0.45795035,13,48,140
84,123,0.459276,11,45,139
85,123,0.45964324,3,38,132
86,123,0.45500883,1,37,131
87,123,0.4446024,8,42,133
88,123,0.43299702,0,29,123
89,123,0.4218489,11,41,133
90,123,0.413217,22,49,141
91,123,0.40669793,19,48,137
92,123,0.4013672,10,39,129
93,123,0.39865533,11,37,128
94,123,0.39637998,21,45,136
95,123,0.39464253,34,59,144
96,123,0.39228016,34,58,135
97,123,0.3958708,22,49,124
98,123,0.40924385,12,38,119
99,123,0.42401883,11,37,119
100,123,0.43060446,15,39,127
101,123,0.42039123,15,39,129
102,123,0.39462054,11,32,124
103,123,0.36336505,7,25,113
104,123,0.3346645,16,29,112
105,123,0.3108998,19,32,103
106,123,0.27506706,47,52,109
107,123,0.18985027,52,55,82
71,124,0.21833728,98,108,134
72,124,0.27273008,74,92,139
73,124,0.31499845,55,77,134
74,124,0.33781618,24,52,117
75,124,0.3518033,15,42,116
76,124,0.36698177,13,47,124
77,124,0.38098612,12,48,131
78,124,0.3923154,10,43,131
79,124,0.40212566,8,42,131
80,124,0.4114858,0,32,127
81,124,0.42186666,0,33,128
82,124,0.43098027,1,37,131
83,124,0.4345687,6,40,131
84,124,0.43554512,3,39,130
85,124,0.4353274,1,34,127
86,124,0.4312082,0,33,126
87,124,0.42076316,6,37,127
88,124,0.4055281,17,47,136
89,124,0.39226523,12,42,132
90,124,0.38410062,11,41,131
91,124,0.38031408,17,48,135
92,124,0.37893808,28,58,144
93,124,0.3780574,41,68,153
94,124,0.3743919,47,73,159
95,124,0.36699715,48,74,154
96,124,0.35700855,34,60,134
97,124,0.35462385,24,56,124
98,124,0.36636573,17,44,122
99,124,0.38597247,11,38,120
100,124,0.401178,11,38,125
101,124,0.40385842,16,40,130
102,124,0.39484262,19,40,131
103,124,0.37582865,21,39,128
104,124,0.35210046,17,31,115
105,124,0.3285767,8,22,97
106,124,0.30059612,28,38,103
107,124,0.23847908,60,66,107
73,125,0.21624793,84,101,135
74,125,0.26406687,55,78,131
75,125,0.30421913,28,57,123
76,125,0.32969192,25,57,129
77,125,0.34574875,25,58,134
78,125,0.3612492,17,48,132
79,125,0.37376064,7,38,128
80,125,0.38185352,21,50,141
81,125,0.3916526,18,48,141
82,125,0.40042353,18,45,139
83,125,0.4038023,17,47,139
84,125,0.40474212,18,48,140
85,125,0.4043252,19,49,140
86,125,0.40101522,22,51,140
87,125,0.39281693,24,54,142
88,125,0.38000095,29,58,146
89,125,0.37014568,22,51,140
90,125,0.36693233,22,52,140
91,125,0.36748612,36,65,149
92,125,0.36786556,51,79,163
93,125,0.36288455,55,82,166
94,125,0.3515445,42,71,155
95,125,0.3393757,28,57,136
96,125,0.3273684,33,63,130
97,125,0.32208046,33,64,128
98,125,0.33121124,24,55,127
99,125,0.35140216,10,40,119
100,125,0.36988804,1,31,119
101,125,0.3814296,8,34,125
102,125,0.3861222,18,41,133
103,125,0.38139817,26,47,137
104,125,0.3636568,22,38,125
105,125,0.33838287,12,24,106
106,125,0.310567,18,28,94
107,125,0.27402,47,55,108
108,125,0.19982353,60,64,94
75,126,0.2122979,82,102,142
76,126,0.26354232,55,82,144
77,126,0.3068942,24,57,133
78,126,0.33413762,26,57,141
79,126,0.348085,45,73,160
80,126,0.36018044,37,63,152
81,126,0.3720817,34,60,150
82,126,0.37931192,34,58,148
83,126,0.38220766,33,59,149
84,126,0.38426912,38,65,151
85,126,0.38482925,41,68,154
86,126,0.38190642,40,67,153
87,126,0.3749388,38,65,151
88,126,0.3650759,23,54,140
89,126,0.3576201,54,81,165
90,126,0.35429144,76,103,186
91,126,0.3524863,68,95,179
92,126,0.34769255,37,70,150
93,126,0.32586092,21,55,136
94,126,0.28285578,36,67,142
95,126,0.2595196,52,79,142
96,126,0.25018343,62,85,135
97,126,0.24710064,64,88,137
98,126,0.26616347,59,87,145
99,126,0.30825943,36,66,140
100,126,0.33687264,6,36,123
101,126,0.35478416,0,25,117
102,126,0.36661708,8,34,126
103,126,0.37132066,18,41,133
104,126,0.364359,32,49,137
105,126,0.34262893,26,40,122
106,126,0.3165302,18,31,102
107,126,0.29329368,25,33,91
108,126,0.2585808,54,58,100
109,126,0.17827171,54,56,76
77,127,0.21635321,73,91,129
78,127,0.2568229,62,84,139
79,127,0.28053132,44,67,134
80,127,0.32487836,36,57,133
81,127,0.35154468,36,59,139
82,127,0.3579586,38,62,140
83,127,0.35929307,43,67,143
84,127,0.36055177,49,72,148
85,127,0.36067158,50,73,149
86,127,0.35756296,42,67,140
87,127,0.3520929,33,58,132
88,127,0.34380007,39,67,136
89,127,0.32032356,31,58,126
90,127,0.2812786,23,52,120
91,127,0.26454267,31,56,117
92,127,0.2607318,48,69,122
93,127,0.22464497,60,77,116
99,127,0.22412935,64,85,134
100,127,0.29519343,25,54,120
101,127,0.3274436,0,29,106
102,127,0.34402287,0,29,112
103,127,0.3554001,12,37,122
104,127,0.35967126,38,57,144
105,127,0.34696957,38,55,140
106,127,0.32423893,22,34,116
107,127,0.30389866,7,19,92
108,127,0.2806769,36,43,99
109,127,0.22605361,70,76,110
80,128,0.226576,68,80,107
81,128,0.26918355,72,87,123
82,128,0.27398473,68,84,123
83,128,0.2724046,60,78,119
84,128,0.27095315,55,72,113
85,128,0.27019817,54,72,110
86,128,0.26843873,52,71,107
87,128,0.26565036,50,67,99
88,128,0.25953037,56,69,95
89,128,0.21967646,55,66,89
100,128,0.22212459,77,97,126
101,128,0.29475772,6,36,80
102,128,0.3256274,0,31,88
103,128,0.34142977,1,31,105
104,128,0.35126534,24,48,135
105,128,0.34893137,26,45,142
106,128,0.33412245,17,33,132
107,128,0.31669375,3,21,113
108,128,0.29609007,18,33,106
109,128,0.26649076,50,65,120
110,128,0.19818763,62,72,101
101,129,0.25359362,54,77,102
102,129,0.31186318,0,26,76
103,129,0.33003882,13,42,106
104,129,0.34366584,10,34,123
105,129,0.35076347,18,40,142
106,129,0.34787145,17,34,142
107,129,0.33660278,7,26,129
108,129,0.31870535,7,25,111
109,129,0.29760996,19,39,107
110,129,0.26405016,54,74,117
111,129,0.18351434,65,73,89
101,130,0.20565766,83,102,119
102,130,0.28870243,10,37,81
103,130,0.32024893,15,41,103
104,130,0.34097624,0,26,113
105,130,0.35622457,15,37,137
106,130,0.36502957,12,33,140
107,130,0.3615243,12,31,135
108,130,0.34552032,8,31,116
109,130,0.3209546,0,19,93
110,130,0.29090413,26,50,104
111,130,0.23112017,79,93,123
102,131,0.2504833,50,72,109
103,131,0.31051567,8,33,93
104,131,0.33632088,3,26,110
105,131,0.35657483,15,38,134
106,131,0.37445915,8,31,135
107,131,0.38074994,8,31,134
108,131,0.36735684,18,39,130
109,131,0.33948424,0,24,103
110,131,0.30571595,1,31,91
111,131,0.2647112,51,69,110
112,131,0.18084975,80,81,98
102,132,0.20454523,87,102,130
103,132,0.28915375,24,47,101
104,132,0.32472757,0,18,99
105,132,0.34769318,11,32,125
106,132,0.37062263,10,32,135
107,132,0.38558167,11,33,136
108,132,0.37989733,16,39,131
109,132,0.35535777,3,31,113
110,132,0.32148907,0,22,93
111,132,0.2855684,17,36,90
112,132,0.22382233,82,86,115
103,133,0.24860664,68,85,131
104,133,0.30538866,0,18,92
105,133,0.32880706,1,25,111
106,133,0.35454348,15,34,132
107,133,0.3779415,15,37,137
108,133,0.38516456,6,29,125
109,133,0.368285,0,25,117
110,133,0.33555055,0,26,109
111,133,0.29911542,6,25,92
112,133,0.25665644,59,66,107
113,133,0.18375508,80,80,102
103,134,0.19629806,94,106,136
104,134,0.2719156,41,59,124
105,134,0.30268517,1,23,104
106,134,0.33248928,1,24,117
107,134,0.36231464,17,40,136
108,134,0.380018,3,28,126
109,134,0.37321916,0,28,123
110,134,0.34589538,11,37,127
111,134,0.31142604,0,24,101
112,134,0.27703592,25,37,92
113,134,0.23749028,73,77,110
114,134,0.15945688,62,66,80
104,135,0.22601199,87,100,150
105,135,0.27588162,10,29,101
106,135,0.30659768,0,8,95
107,135,0.33901942,18,39,131
108,135,0.36495993,12,36,130
109,135,0.37138852,13,39,132
110,135,0.35368097,16,43,136
111,135,0.32244888,0,18,103
112,135,0.28765675,1,17,84
113,135,0.25528413,52,62,106
114,135,0.19923548,80,84,113
104,136,0.17471273,93,104,133
105,136,0.24306294,48,63,124
106,136,0.27838755,0,19,95
107,136,0.313744,10,28,113
108,136,0.34586298,3,29,121
109,136,0.36156157,6,32,126
110,136,0.35321227,12,40,135
111,136,0.32493874,3,29,121
112,136,0.28962857,6,21,97
113,136,0.2575626,11,24,85
114,136,0.22325294,66,74,117
115,136,0.15205881,72,77,98
105,137,0.20409007,81,93,137
106,137,0.25620183,23,40,104
107,137,0.29106122,0,17,93
108,137,0.32220381,10,32,117
109,137,0.34184685,12,36,128
110,137,0.34312814,6,31,131
111,137,0.32198846,10,33,128
112,137,0.28920168,10,26,111
113,137,0.2568949,12,25,97
114,137,0.22957292,36,48,106
115,137,0.18170665,74,84,119
105,138,0.16240947,89,98,121
106,138,0.23208563,58,73,125
107,138,0.26800734,0,16,84
108,138,0.29625627,10,29,108
109,138,0.31876332,17,38,127
110,138,0.32871392,6,29,127
111,138,0.3187361,18,41,137
112,138,0.29078275,1,24,115
113,138,0.25851694,7,24,107
114,138,0.23181982,1,21,89
115,138,0.2028086,45,60,109
116,138,0.14210868,74,83,103
106,139,0.17520511,85,97,129
107,139,0.23655051,28,44,99
108,139,0.27170357,3,21,93
109,139,0.29587656,12,32,114
110,139,0.30989298,17,38,130
111,139,0.30914354,24,43,140
112,139,0.29047614,3,28,124
113,139,0.26283523,7,28,119
114,139,0.23832075,0,19,95
115,139,0.21623749,25,41,99
116,139,0.17561293,69,81,110
107,140,0.19879939,73,88,126
108,140,0.24788015,7,23,88
109,140,0.2703213,0,17,97
110,140,0.28491226,24,40,130
111,140,0.29275307,17,37,134
112,140,0.28968212,26,48,149
113,140,0.27002695,11,34,131
114,140,0.24782486,10,29,112
115,140,0.22818905,16,33,98
116,140,0.20538631,47,57,99
117,140,0.1466344,71,74,92
107,141,0.15370807,86,94,117
108,141,0.21304297,39,51,106
109,141,0.23904511,1,17,91
110,141,0.258527,17,31,116
111,141,0.2768596,8,24,123
112,141,0.2866397,36,57,160
113,141,0.27760303,10,37,139
114,141,0.26136386,7,29,115
115,141,0.24597901,0,22,92
116,141,0.23024304,21,37,83
117,141,0.18921193,77,85,106
108,142,0.15404886,77,85,125
109,142,0.20610383,25,40,107
110,142,0.24006185,0,16,100
111,142,0.26465487,7,23,122
112,142,0.2811165,17,42,149
113,142,0.2840884,19,47,149
114,142,0.27456087,18,42,132
115,142,0.26119652,3,25,98
116,142,0.24776447,11,26,77
117,142,0.22252382,51,58,89
118,142,0.15177803,57,60,69
109,143,0.17445713,48,58,110
110,143,0.22823192,0,7,82
111,143,0.25504586,18,32,116
112,143,0.27385148,0,24,123
113,143,0.284354,42,65,157
114,143,0.2829109,48,68,149
115,143,0.27161285,25,44,114
116,143,0.2609107,17,32,86
117,143,0.2420054,18,25,67
118,143,0.18882191,49,54,74
109,144,0.14021479,65,69,97
110,144,0.20763054,34,39,89
111,144,0.24175574,10,19,83
112,144,0.2610069,12,25,100
113,144,0.2739404,22,37,110
114,144,0.27999377,63,74,144
115,144,0.27683085,51,63,127
116,144,0.26959896,3,16,76
117,144,0.2514705,28,38,84
118,144,0.21733792,24,31,68
119,144,0.14692433,69,72,89
110,145,0.15772118,67,71,103
111,145,0.21551313,16,22,70
112,145,0.24453935,24,32,89
113,145,0.26018354,10,19,84
114,145,0.26753324,45,55,119
115,145,0.27464172,50,59,123
116,145,0.27350312,59,66,124
117,145,0.2567221,19,28,82
118,145,0.23064415,22,29,74
119,145,0.17764153,38,44,74
111,146,0.17758116,37,43,81
112,146,0.22603202,19,28,83
113,146,0.24455433,11,22,82
114,146,0.25813833,45,55,115
115,146,0.28132415,93,102,160
116,146,0.2844141,109,117,174
117,146,0.26069126,39,45,103
118,146,0.23713176,28,34,82
119,146,0.20666666,22,28,66
120,146,0.1425754,58,63,82
111,147,0.14028543,68,73,97
112,147,0.20185106,16,25,72
113,147,0.22841074,21,33,85
114,147,0.2515624,60,70,125
115,147,0.287294,140,149,203
116,147,0.2935733,124,132,188
117,147,0.26999032,66,76,132
118,147,0.24992259,15,23,79
119,147,0.22893979,32,39,83
120,147,0.18199742,40,47,74
112,148,0.1695963,39,48,82
113,148,0.21620604,8,21,70
114,148,0.23967049,52,64,113
115,148,0.27447325,119,128,179
116,148,0.29440922,123,131,187
117,148,0.28592253,98,106,163
118,148,0.26602986,11,18,79
119,148,0.2475498,19,25,76
120,148,0.22151406,21,26,64
121,148,0.15447715,57,58,73
112,149,0.13592862,57,65,82
113,149,0.19817251,0,18,58
114,149,0.22516507,25,38,84
115,149,0.25552195,49,59,113
116,149,0.2902658,128,136,191
117,149,0.29992378,134,140,196
118,149,0.2797236,58,65,123
119,149,0.26281556,16,21,78
120,149,0.24661207,11,16,62
121,149,0.18606925,59,63,83
113,150,0.1672952,43,55,80
114,150,0.21390696,18,29,71
115,150,0.24434708,10,18,71
116,150,0.27872851,98,104,160
117,150,0.3015286,132,139,193
118,150,0.28994974,89,95,153
119,150,0.2708309,25,31,87
120,150,0.2519625,11,16,65
121,150,0.18941863,59,63,84
113,151,0.13431232,63,71,82
114,151,0.19798054,24,33,67
115,151,0.23425722,8,18,65
116,151,0.26356217,34,42,95
117,151,0.28965473,91,98,153
118,151,0.286797,72,79,136
119,151,0.26802117,18,23,81
120,151,0.2451668,13,18,65
121,151,0.18261583,56,58,80
114,152,0.17435426,49,55,77
115,152,0.22769615,18,26,64
116,152,0.25611478,32,38,83
117,152,0.27653491,25,31,85
118,152,0.27339903,12,17,77
119,152,0.25274128,33,37,87
120,152,0.21981819,31,36,77
121,152,0.15097871,62,64,80
114,153,0.14385027,65,70,79
115,153,0.21274155,19,26,55
116,153,0.24796519,15,21,60
117,153,0.26297405,39,43,88
118,153,0.25394392,31,36,81
119,153,0.22424527,15,17,65
120,153,0.16419229,65,68,94
115,154,0.16108629,59,62,77
116,154,0.21974437,34,36,66
117,154,0.23840988,15,19,56
118,154,0.22024956,32,36,70
119,154,0.16402446,60,60,88
116,155,0.15108581,68,69,83
117,155,0.17448583,50,51,70
118,155,0.14928092,59,60,77
